HomeTeam,AwayTeam,HS,AS,HST,AST,HF,AF,HC,AC,HY,AY,HR,AR,HTHG,HTAG,FTR
Ath Bilbao,Getafe,7,9,4,2,15,12,5,6,4,1,0,0,1,0,D
Betis,Girona,19,13,4,2,11,7,4,4,2,0,0,0,1,0,D
Celta,Alaves,6,10,4,2,8,23,3,3,3,2,0,0,0,1,H
Las Palmas,Sevilla,13,16,5,5,12,13,6,3,0,0,0,0,1,1,D
Osasuna,Leganes,16,10,5,4,14,12,6,4,3,2,0,0,0,1,D
Valencia,Barcelona,6,18,1,8,11,13,3,8,2,3,0,0,1,1,A
Sociedad,Vallecano,11,12,5,5,14,21,10,5,2,4,0,0,0,0,A
Mallorca,Real Madrid,12,13,5,4,11,6,8,7,1,0,0,1,0,1,D
Valladolid,Espanol,12,10,3,2,15,8,3,2,2,2,0,0,1,0,H
Villarreal,Ath Madrid,8,10,3,5,6,10,2,3,1,3,0,0,2,2,D
Celta,Valencia,7,13,5,5,9,11,4,7,3,0,0,0,2,1,H
Sevilla,Villarreal,15,6,9,5,15,7,7,2,3,5,0,0,1,1,A
Osasuna,Mallorca,15,11,5,2,10,8,5,4,2,1,0,0,0,0,H
Barcelona,Ath Bilbao,13,9,5,2,11,16,5,6,4,5,0,0,1,1,H
Espanol,Sociedad,13,8,3,4,14,18,7,4,2,2,0,0,0,0,A
Getafe,Vallecano,12,3,0,1,16,18,3,2,1,2,0,0,0,0,D
Real Madrid,Valladolid,17,8,9,2,10,15,5,5,1,1,0,0,0,0,H
Leganes,Las Palmas,10,10,5,5,11,10,3,7,1,1,0,0,0,0,H
Alaves,Betis,3,13,1,3,16,13,3,8,1,4,1,0,0,0,D
Ath Madrid,Girona,11,13,6,5,11,10,1,9,1,3,0,0,1,0,H
Villarreal,Celta,22,18,9,8,8,6,7,4,4,3,0,0,1,2,H
Mallorca,Sevilla,12,16,4,7,15,10,5,9,0,1,0,1,0,0,D
Vallecano,Barcelona,8,22,4,5,17,11,6,6,3,1,0,0,1,0,A
Ath Bilbao,Valencia,13,2,4,0,14,9,5,3,1,3,0,0,1,0,H
Valladolid,Leganes,12,8,2,1,13,19,4,4,1,5,0,0,0,0,D
Ath Madrid,Espanol,24,8,7,1,6,9,9,3,0,2,0,0,0,0,D
Sociedad,Alaves,8,12,1,5,16,12,8,6,4,4,1,0,1,1,A
Girona,Osasuna,10,1,5,0,10,9,5,0,0,0,0,0,1,0,H
Las Palmas,Real Madrid,7,25,3,8,16,13,2,6,0,2,0,0,1,0,D
Barcelona,Valladolid,23,5,10,2,6,12,10,1,0,3,0,0,3,0,H
Ath Bilbao,Ath Madrid,8,9,1,2,13,9,2,2,3,1,0,0,0,0,A
Espanol,Vallecano,10,17,5,5,14,16,3,7,3,2,0,0,1,1,H
Leganes,Mallorca,4,12,2,3,11,17,1,3,1,3,0,0,0,1,A
Valencia,Villarreal,22,9,6,3,15,11,14,3,3,5,0,1,1,1,D
Alaves,Las Palmas,15,12,5,7,13,9,6,5,3,0,0,0,1,0,H
Osasuna,Celta,10,12,4,3,19,10,6,3,2,0,0,1,2,1,H
Sevilla,Girona,16,11,5,4,6,14,7,5,3,2,0,0,0,1,A
Getafe,Sociedad,16,1,1,0,14,16,4,1,1,1,0,0,0,0,D
Real Madrid,Betis,20,12,8,2,8,16,7,3,2,0,0,0,0,0,H
Betis,Leganes,14,3,5,0,11,18,11,1,1,2,0,0,0,0,H
Mallorca,Villarreal,10,21,5,4,11,10,7,6,3,3,1,0,0,1,A
Espanol,Alaves,9,19,4,6,17,14,0,5,2,3,0,0,1,1,H
Sevilla,Getafe,10,15,4,4,19,15,3,4,3,4,1,0,1,0,H
Sociedad,Real Madrid,11,16,2,7,12,9,6,6,4,1,0,0,0,0,A
Celta,Valladolid,14,6,7,1,14,15,5,3,3,5,0,1,2,0,H
Girona,Barcelona,9,20,4,9,13,4,1,6,3,2,0,1,0,2,A
Las Palmas,Ath Bilbao,15,9,6,4,8,12,9,3,1,2,0,1,0,2,A
Ath Madrid,Valencia,14,5,5,1,10,8,7,3,1,2,0,0,1,0,H
Vallecano,Osasuna,17,5,6,2,12,15,7,4,3,2,0,0,0,1,H
Mallorca,Sociedad,10,13,4,4,5,10,5,5,1,1,0,0,1,0,H
Betis,Getafe,18,15,8,5,10,20,8,4,3,5,0,0,0,0,H
Leganes,Ath Bilbao,14,10,3,4,12,11,4,7,3,0,0,0,0,0,A
Alaves,Sevilla,10,8,4,2,11,16,3,5,1,4,0,0,1,0,H
Valladolid,Sociedad,15,14,2,4,15,12,5,7,4,4,0,0,0,0,D
Osasuna,Las Palmas,13,11,2,4,14,11,2,4,2,5,0,0,1,1,H
Valencia,Girona,7,8,2,3,13,10,5,4,3,2,0,0,0,0,H
Real Madrid,Espanol,31,10,14,2,7,5,9,4,4,3,0,0,0,0,H
Getafe,Leganes,12,6,3,3,16,17,6,2,3,2,0,0,0,0,D
Ath Bilbao,Celta,10,11,7,4,16,11,3,6,3,2,0,0,2,1,H
Villarreal,Barcelona,13,17,4,10,12,12,7,3,6,1,0,0,1,2,A
Vallecano,Ath Madrid,15,10,3,5,9,12,3,4,0,0,0,0,1,0,D
Betis,Mallorca,14,6,6,6,12,12,6,3,3,2,0,0,1,1,A
Sevilla,Valladolid,22,8,5,2,14,12,6,4,5,4,1,0,1,0,H
Valencia,Osasuna,10,9,2,2,6,11,10,5,2,3,0,0,0,0,D
Real Madrid,Alaves,10,12,4,3,7,10,4,4,4,0,0,0,2,0,H
Girona,Vallecano,11,2,0,0,8,16,4,3,3,4,0,0,0,0,D
Barcelona,Getafe,16,7,4,1,4,14,7,5,1,1,0,0,1,0,H
Espanol,Villarreal,11,15,2,4,12,14,4,1,5,3,0,0,1,1,A
Las Palmas,Betis,8,14,2,5,21,10,1,4,4,2,0,0,1,1,D
Celta,Ath Madrid,9,7,4,2,10,7,2,3,2,2,0,0,0,0,A
Valladolid,Mallorca,11,14,1,6,15,9,7,4,3,2,0,0,0,0,A
Getafe,Alaves,14,9,8,1,17,24,2,2,3,6,0,0,1,0,H
Vallecano,Leganes,15,13,6,3,12,7,5,5,2,1,0,0,1,0,D
Sociedad,Valencia,11,9,6,4,7,12,6,4,0,0,0,0,1,0,H
Osasuna,Barcelona,11,12,6,5,13,3,5,8,2,2,0,0,2,0,H
Celta,Girona,12,9,2,4,9,14,4,4,1,0,0,0,0,1,D
Ath Bilbao,Sevilla,13,13,3,4,6,7,4,7,0,3,1,0,1,0,D
Betis,Espanol,20,8,12,1,14,20,8,4,2,4,0,0,0,0,H
Ath Madrid,Real Madrid,12,12,4,4,11,11,5,5,3,1,1,0,0,0,D
Villarreal,Las Palmas,17,7,7,3,14,10,3,2,0,3,0,0,1,0,H
Leganes,Valencia,8,6,0,1,15,14,1,2,2,2,0,0,0,0,D
Espanol,Mallorca,8,11,3,4,14,19,4,6,1,5,0,0,1,0,H
Getafe,Osasuna,11,6,3,2,17,10,4,2,2,4,0,0,1,0,D
Las Palmas,Celta,24,8,5,1,9,13,11,2,3,8,0,2,0,1,A
Valladolid,Vallecano,13,17,5,3,13,18,5,13,4,2,0,0,0,0,A
Real Madrid,Villarreal,11,10,2,1,7,11,2,5,0,1,0,0,1,0,H
Girona,Ath Bilbao,14,13,6,4,12,13,6,1,4,3,0,1,1,1,H
Alaves,Barcelona,11,14,2,8,13,8,11,3,2,2,0,0,0,3,A
Sevilla,Betis,14,11,5,3,15,15,4,1,6,3,1,0,0,0,H
Sociedad,Ath Madrid,16,4,8,1,10,9,5,1,0,2,0,0,0,1,D
Alaves,Valladolid,10,12,4,4,15,14,5,6,6,2,1,0,1,1,A
Ath Bilbao,Espanol,10,5,6,2,15,22,5,5,2,3,0,0,3,0,H
Osasuna,Betis,19,11,6,7,12,8,10,2,2,1,0,1,0,1,A
Girona,Sociedad,8,14,3,4,10,12,6,6,2,1,0,0,0,1,A
Celta,Real Madrid,13,10,5,3,16,13,6,2,2,1,0,0,0,1,A
Mallorca,Vallecano,19,10,5,2,9,13,9,2,1,1,0,0,0,0,H
Ath Madrid,Leganes,24,5,9,2,14,8,8,2,5,1,0,0,0,1,H
Villarreal,Getafe,10,21,4,4,18,21,5,5,4,3,0,0,1,0,D
Barcelona,Sevilla,21,7,9,1,6,14,5,5,1,2,0,0,3,0,H
Valencia,Las Palmas,14,11,7,6,12,12,11,2,4,9,1,0,1,1,A
Espanol,Sevilla,16,6,1,3,14,9,13,2,2,0,0,0,0,2,A
Valladolid,Villarreal,7,21,3,9,16,13,4,6,4,3,0,0,0,1,A
Vallecano,Alaves,16,15,4,7,8,14,6,2,2,4,1,0,0,0,H
Las Palmas,Girona,12,8,3,3,12,14,3,5,4,5,0,1,1,0,H
Real Madrid,Barcelona,9,15,4,7,15,17,10,3,2,5,0,0,0,0,A
Leganes,Celta,7,18,4,5,15,17,4,2,2,2,0,0,0,0,H
Getafe,Valencia,15,2,4,1,20,20,8,2,3,7,0,0,0,1,D
Betis,Ath Madrid,24,10,3,3,8,4,3,10,3,2,0,0,1,0,H
Sociedad,Osasuna,19,10,9,4,7,14,14,4,3,4,0,0,0,2,A
Mallorca,Ath Bilbao,4,20,1,1,9,12,1,14,5,1,1,0,0,0,D
Alaves,Mallorca,13,7,3,2,19,12,7,2,3,2,0,0,0,0,H
Osasuna,Valladolid,20,7,4,4,21,12,7,2,1,5,0,0,1,0,H
Girona,Leganes,15,8,6,5,17,15,6,1,2,4,0,0,2,2,H
Ath Madrid,Las Palmas,15,1,3,1,13,13,9,1,1,1,0,0,1,0,H
Barcelona,Espanol,14,10,9,3,13,14,9,5,0,3,0,0,3,0,H
Sevilla,Sociedad,8,9,0,3,6,17,5,9,2,1,0,0,0,1,A
Ath Bilbao,Betis,17,7,8,4,9,8,6,2,0,0,0,0,0,0,D
Celta,Getafe,10,10,3,2,12,11,0,2,1,4,0,1,1,0,H
Vallecano,Las Palmas,35,11,7,3,9,13,12,4,1,3,0,0,0,1,A
Real Madrid,Osasuna,18,2,8,0,9,16,11,3,0,2,0,0,2,0,H
Villarreal,Alaves,13,9,3,3,17,21,7,2,1,3,0,0,1,0,H
Leganes,Sevilla,8,13,4,2,7,10,0,6,2,1,0,1,0,0,H
Betis,Celta,19,3,6,2,12,8,2,0,3,0,0,0,1,1,D
Mallorca,Ath Madrid,12,9,6,2,10,16,7,2,1,3,0,0,0,0,A
Getafe,Girona,8,3,0,2,25,16,5,2,3,3,0,0,0,1,A
Valladolid,Ath Bilbao,6,17,3,1,12,12,5,5,4,4,0,0,0,0,D
Sociedad,Barcelona,14,11,6,0,17,6,7,6,3,1,0,0,1,0,H
Getafe,Valladolid,12,6,5,3,15,15,3,2,3,2,0,0,0,0,H
Valencia,Betis,11,7,5,3,10,16,2,4,4,2,0,0,1,1,H
Ath Madrid,Alaves,11,4,8,1,18,19,5,0,3,3,0,0,0,1,H
Girona,Espanol,12,9,5,1,4,19,6,3,0,3,0,0,4,0,H
Las Palmas,Mallorca,14,10,3,3,10,18,4,3,4,2,0,1,0,0,A
Celta,Barcelona,15,9,8,4,13,9,5,1,5,5,0,1,0,1,D
Osasuna,Villarreal,4,17,3,7,12,13,0,8,6,5,0,0,2,0,D
Sevilla,Vallecano,11,9,3,1,14,14,8,3,2,5,0,1,1,0,H
Leganes,Real Madrid,4,16,0,9,17,11,2,4,2,0,0,0,0,1,A
Ath Bilbao,Sociedad,12,6,4,1,18,9,4,4,3,4,0,0,1,0,H
Mallorca,Valencia,9,7,3,1,9,14,3,6,0,0,0,0,1,1,H
Barcelona,Las Palmas,27,5,8,3,7,11,7,0,0,0,0,0,0,0,A
Alaves,Leganes,18,6,7,3,15,15,13,8,1,4,0,0,0,0,D
Espanol,Celta,9,16,5,2,13,7,2,5,2,2,0,0,1,0,H
Valladolid,Ath Madrid,9,13,1,9,6,11,3,5,1,2,0,0,0,3,A
Villarreal,Girona,13,13,4,6,8,13,1,5,2,6,0,0,1,0,D
Real Madrid,Getafe,13,8,4,3,7,26,5,3,2,6,0,0,2,0,H
Vallecano,Ath Bilbao,7,12,4,7,14,8,1,7,3,0,0,0,1,0,A
Sociedad,Betis,2,7,1,2,28,10,0,4,3,2,0,0,2,0,H
Sevilla,Osasuna,12,7,5,3,11,15,5,1,1,1,0,0,0,0,D
Mallorca,Barcelona,6,20,1,9,13,13,2,5,4,3,0,0,1,1,A
Ath Bilbao,Real Madrid,9,10,3,5,21,9,5,2,3,3,0,0,0,0,H
Celta,Mallorca,12,9,5,4,9,12,3,3,1,0,0,1,1,0,H
Las Palmas,Valladolid,11,9,5,2,17,13,3,3,4,3,0,0,1,1,H
Betis,Barcelona,12,9,6,3,15,14,6,4,1,2,0,0,0,1,D
Valencia,Vallecano,14,6,6,1,5,12,9,4,2,2,0,0,0,1,A
Girona,Real Madrid,10,10,4,7,6,7,6,3,3,2,0,0,0,1,A
Leganes,Sociedad,11,15,2,5,12,15,5,3,2,2,0,0,0,1,A
Ath Bilbao,Villarreal,12,11,4,1,15,10,3,3,2,1,0,0,1,0,H
Osasuna,Alaves,16,6,8,3,13,14,8,3,4,3,0,0,0,1,D
Ath Madrid,Sevilla,14,4,9,3,11,8,5,3,4,3,0,0,1,2,H
Getafe,Espanol,15,9,6,1,14,15,3,3,3,6,0,0,1,0,H
Valladolid,Valencia,2,14,1,2,10,10,1,7,4,3,1,0,1,0,H
Espanol,Osasuna,9,6,3,0,13,13,5,4,3,1,0,0,0,0,D
Mallorca,Girona,8,13,2,1,10,14,2,4,5,2,1,0,1,1,H
Sevilla,Celta,8,10,3,2,12,9,3,4,7,3,0,0,0,0,H
Vallecano,Real Madrid,14,13,5,6,18,8,4,3,4,2,0,0,2,2,D
Ath Madrid,Getafe,11,7,3,1,13,15,8,3,3,1,0,0,0,0,H
Alaves,Ath Bilbao,6,9,3,2,14,17,2,4,2,2,0,0,0,1,D
Sociedad,Las Palmas,15,9,4,3,17,12,8,6,2,3,0,0,0,0,D
Villarreal,Betis,17,10,4,4,19,10,5,5,5,2,0,1,0,1,A
Barcelona,Leganes,20,6,4,4,5,13,8,2,0,2,0,0,0,1,A
Espanol,Valencia,10,14,3,4,13,11,4,7,1,0,0,0,1,0,D
Villarreal,Vallecano,14,18,5,3,10,15,7,7,4,3,1,0,1,1,D
Girona,Valladolid,23,1,7,1,13,7,9,1,3,1,0,0,2,0,H
Getafe,Mallorca,18,9,5,2,19,13,3,0,4,3,0,0,0,0,A
Celta,Sociedad,11,7,7,1,19,13,5,7,3,5,0,0,2,0,H
Osasuna,Ath Bilbao,6,13,3,8,10,13,4,4,0,1,0,0,1,1,A
Barcelona,Ath Madrid,19,5,7,4,11,8,11,3,0,3,0,0,1,0,A
Valencia,Alaves,8,11,3,3,20,15,5,4,2,1,0,0,0,1,D
Real Madrid,Sevilla,16,10,8,5,5,14,6,6,1,2,0,0,3,1,H
Las Palmas,Espanol,10,9,4,2,9,16,2,2,4,2,0,0,0,0,H
Leganes,Villarreal,5,18,3,9,17,15,1,5,1,2,2,0,2,2,A
Betis,Vallecano,14,10,5,4,9,14,5,5,0,4,0,0,1,0,D
Valencia,Real Madrid,8,17,5,5,16,9,2,5,2,3,0,1,1,0,A
Vallecano,Celta,8,23,5,7,18,9,3,3,2,3,0,1,1,1,H
Alaves,Girona,11,3,2,1,16,11,6,3,1,4,0,0,0,0,A
Valladolid,Betis,12,14,1,3,21,10,1,8,2,4,0,0,0,0,H
Espanol,Leganes,15,14,5,6,15,19,8,4,2,2,0,1,1,1,D
Sevilla,Valencia,15,5,5,1,16,8,10,1,1,2,0,0,0,0,D
Las Palmas,Getafe,15,12,7,3,14,17,4,5,2,3,0,0,0,0,A
Ath Madrid,Osasuna,9,6,5,1,8,14,4,0,2,0,0,0,0,0,H
Sociedad,Villarreal,6,15,3,5,17,6,3,7,4,2,0,0,0,0,H
Espanol,Valladolid,12,11,4,4,13,16,1,7,2,2,0,0,1,0,H
Girona,Sevilla,7,14,4,6,6,15,7,4,0,4,0,0,1,0,A
Leganes,Ath Madrid,9,19,3,4,16,6,2,9,1,3,0,0,0,0,H
Betis,Alaves,7,9,2,5,12,24,2,3,4,5,1,0,1,1,A
Getafe,Barcelona,10,21,4,5,9,9,2,10,3,2,0,0,1,1,D
Celta,Ath Bilbao,3,14,1,6,14,6,3,4,0,0,0,0,0,0,A
Real Madrid,Las Palmas,26,6,13,2,11,13,8,2,0,1,0,1,3,1,H
Osasuna,Vallecano,12,8,3,3,9,13,6,3,3,2,0,0,0,1,D
Valencia,Sociedad,7,9,2,3,10,12,4,7,3,4,0,0,1,0,H
Villarreal,Mallorca,14,9,7,2,9,12,6,5,1,3,0,0,4,0,H
Las Palmas,Osasuna,16,16,7,4,14,17,4,2,7,8,1,0,0,0,D
Mallorca,Betis,16,8,3,3,12,18,4,4,2,2,1,0,0,0,A
Ath Madrid,Villarreal,20,11,8,1,10,14,5,6,4,2,0,0,0,1,D
Sevilla,Espanol,25,6,4,1,13,14,5,1,1,4,0,0,0,1,D
Valladolid,Real Madrid,6,20,2,4,11,12,1,7,3,3,1,0,0,1,A
Vallecano,Girona,17,12,7,5,19,9,4,1,3,1,0,0,0,0,H
Sociedad,Getafe,13,13,4,4,11,15,5,2,3,6,0,0,0,0,A
Ath Bilbao,Leganes,29,5,3,2,10,8,16,1,1,1,0,0,0,0,D
Barcelona,Valencia,22,7,11,2,10,12,14,4,0,1,0,0,5,0,H
Alaves,Celta,3,5,1,2,15,14,3,4,2,3,0,0,1,0,D
Leganes,Vallecano,5,19,1,3,7,19,2,9,2,4,1,0,0,0,A
Getafe,Sevilla,7,13,1,1,15,12,6,5,4,6,0,0,0,0,D
Villarreal,Valladolid,22,8,8,2,9,14,3,6,1,2,0,0,1,0,H
Ath Madrid,Mallorca,17,10,5,1,9,14,10,4,2,3,0,0,1,0,H
Espanol,Real Madrid,5,21,2,7,14,3,1,8,2,0,0,0,0,0,H
Barcelona,Alaves,11,3,4,0,8,20,5,2,5,2,0,0,0,0,H
Valencia,Celta,8,3,5,2,9,17,5,2,1,2,0,0,1,0,H
Osasuna,Sociedad,11,13,4,3,10,8,3,5,3,3,0,0,1,0,H
Betis,Ath Bilbao,10,12,6,4,10,20,3,7,3,1,0,0,2,1,D
Girona,Las Palmas,12,10,4,2,12,12,11,3,2,2,0,0,1,0,H
Vallecano,Valladolid,20,8,6,3,11,15,4,2,2,2,0,0,0,0,H
Celta,Betis,14,12,6,5,11,11,4,7,3,5,0,0,0,2,H
Ath Bilbao,Girona,23,3,8,1,7,12,11,2,0,4,0,0,2,0,H
Las Palmas,Villarreal,20,9,4,4,12,12,6,5,6,3,0,0,0,0,A
Real Madrid,Ath Madrid,23,10,9,1,14,13,6,1,1,3,0,0,0,1,D
Alaves,Getafe,12,4,4,3,16,16,8,3,2,6,0,0,0,1,A
Valencia,Leganes,18,12,4,4,14,9,9,3,1,1,0,0,2,0,H
Sociedad,Espanol,13,4,3,1,11,17,6,0,1,2,0,0,1,0,H
Sevilla,Barcelona,8,10,4,6,14,6,5,6,5,2,0,1,1,1,A
Mallorca,Osasuna,10,19,2,4,7,11,7,11,1,4,0,0,0,0,D
Girona,Getafe,14,10,4,6,11,23,3,3,2,3,1,0,0,1,A
Leganes,Alaves,8,16,3,7,18,15,3,2,4,5,1,0,2,1,D
Osasuna,Real Madrid,11,17,4,6,16,7,6,2,3,1,0,1,0,1,D
Ath Madrid,Celta,9,11,3,4,8,18,2,7,3,5,1,0,0,0,D
Villarreal,Valencia,13,12,4,3,6,17,4,5,0,5,0,0,1,0,D
Espanol,Ath Bilbao,12,14,4,4,12,8,2,7,1,1,0,0,0,0,D
Valladolid,Sevilla,7,11,2,6,11,10,3,2,4,2,0,0,0,2,A
Mallorca,Las Palmas,14,9,5,4,7,13,3,5,1,4,0,0,3,0,H
Betis,Sociedad,24,5,8,1,9,15,5,5,0,2,0,2,0,0,H
Barcelona,Vallecano,14,9,5,4,11,9,4,5,2,3,0,0,1,0,H
Celta,Osasuna,12,18,5,1,11,13,5,4,1,0,0,0,0,0,H
Alaves,Espanol,15,9,5,2,13,17,7,0,2,2,0,0,0,0,A
Vallecano,Villarreal,10,10,5,5,15,12,3,5,1,4,1,0,0,0,A
Valencia,Ath Madrid,18,11,2,3,18,16,7,0,1,3,0,0,0,2,A
Las Palmas,Barcelona,10,15,2,5,13,4,5,3,1,1,0,0,0,0,A
Ath Bilbao,Valladolid,29,5,16,3,10,5,4,4,2,3,0,1,4,0,H
Real Madrid,Girona,22,6,5,2,1,7,11,5,0,2,0,0,1,0,H
Getafe,Betis,10,13,4,6,17,20,2,5,3,0,1,1,0,1,A
Sociedad,Leganes,12,8,5,2,13,13,3,3,3,3,0,0,1,0,H
Sevilla,Mallorca,19,13,4,2,11,12,4,4,1,3,0,0,1,0,D
Valladolid,Las Palmas,23,4,7,3,11,8,13,4,2,1,0,1,0,1,D
Girona,Celta,9,10,6,6,8,17,4,2,0,0,0,0,1,1,D
Vallecano,Sevilla,20,10,8,5,14,9,6,6,1,0,0,0,0,0,D
Betis,Real Madrid,18,9,3,2,17,12,9,2,3,4,0,0,1,1,H
Ath Madrid,Ath Bilbao,12,15,4,3,7,8,6,2,2,3,0,0,0,0,H
Leganes,Getafe,5,9,1,0,15,15,2,6,1,1,0,0,0,0,H
Barcelona,Sociedad,33,0,10,0,15,6,12,0,0,0,0,1,2,0,H
Mallorca,Alaves,15,19,4,7,20,14,3,9,0,2,0,0,1,0,D
Osasuna,Valencia,12,12,5,5,10,7,3,3,2,1,0,0,3,2,D
Celta,Leganes,7,12,4,6,10,9,2,5,3,2,0,0,2,1,H
Alaves,Villarreal,5,24,3,2,11,13,1,6,3,1,2,0,1,0,H
Valencia,Valladolid,17,11,4,4,11,10,5,4,1,3,0,0,1,1,H
Getafe,Ath Madrid,11,4,3,2,10,14,4,4,6,2,0,1,0,0,H
Real Madrid,Vallecano,10,20,5,6,12,17,4,6,3,1,0,0,2,1,H
Ath Bilbao,Mallorca,8,9,2,2,6,13,3,3,1,3,0,0,0,0,D
Betis,Las Palmas,14,8,6,1,12,14,11,1,2,8,0,1,0,0,H
Sociedad,Sevilla,7,9,2,4,14,12,6,3,2,1,0,0,0,0,A
Espanol,Girona,7,18,4,4,11,13,4,9,3,3,0,0,0,0,D
Las Palmas,Alaves,14,9,7,3,10,22,4,5,5,5,0,0,0,1,D
Valladolid,Celta,5,10,2,1,9,15,3,4,3,3,0,0,0,0,A
Mallorca,Espanol,20,2,7,0,10,12,6,2,0,2,0,0,0,0,H
Villarreal,Real Madrid,23,9,10,5,17,3,11,4,2,1,0,0,1,2,A
Girona,Valencia,14,12,4,2,12,5,9,4,2,1,0,0,0,0,D
Leganes,Betis,10,21,4,6,16,5,3,7,2,1,0,0,2,0,A
Sevilla,Ath Bilbao,11,9,4,4,13,12,4,6,4,2,0,0,0,0,A
Osasuna,Getafe,12,7,4,4,19,15,3,2,2,3,0,1,1,0,A
Vallecano,Sociedad,10,8,5,4,16,9,4,4,3,2,0,0,0,1,D
Ath Madrid,Barcelona,7,13,2,6,10,11,6,6,1,3,0,0,1,0,A
Barcelona,Osasuna,19,4,5,0,7,14,8,4,1,3,0,0,2,0,H
Sociedad,Valladolid,12,12,2,5,20,10,3,6,2,3,0,0,1,0,H
Espanol,Ath Madrid,8,13,1,2,12,14,4,3,2,1,0,0,0,1,D
Alaves,Vallecano,12,11,4,5,14,12,8,5,3,5,0,0,0,1,A
Real Madrid,Leganes,24,10,10,4,9,13,8,3,1,4,0,0,1,2,H
Getafe,Villarreal,11,9,4,3,16,21,3,1,1,4,0,0,1,2,A
Barcelona,Girona,21,4,9,2,8,11,10,2,0,1,0,0,1,0,H
Ath Bilbao,Osasuna,11,5,5,2,12,12,3,4,1,1,0,0,0,0,D
Valencia,Mallorca,8,8,2,2,16,15,4,5,5,5,0,0,0,0,H
Betis,Sevilla,11,6,3,2,10,22,2,2,4,4,0,0,2,1,H
Celta,Las Palmas,19,4,7,2,17,5,4,2,3,0,0,0,1,0,D
Vallecano,Espanol,16,15,5,7,8,10,8,4,2,2,0,0,0,2,A
Girona,Alaves,11,14,6,3,9,16,1,5,1,4,0,0,0,0,A
Real Madrid,Valencia,21,10,9,2,10,13,9,4,0,4,0,0,0,1,A
Mallorca,Celta,7,10,2,4,9,11,4,2,3,0,0,0,1,0,A
Barcelona,Betis,13,6,5,2,16,12,9,3,2,1,0,0,1,1,D
Las Palmas,Sociedad,13,13,5,8,7,10,5,4,0,2,0,0,0,1,A
Sevilla,Ath Madrid,11,13,6,5,14,12,7,7,1,4,0,0,1,1,A
Valladolid,Getafe,5,16,0,9,11,17,3,4,3,1,1,0,0,3,A
Villarreal,Ath Bilbao,12,11,4,2,9,13,6,5,0,1,1,0,0,0,D
Leganes,Osasuna,13,14,7,6,18,14,4,8,3,3,0,0,0,0,D
Valencia,Sevilla,8,12,6,5,10,18,3,3,3,2,0,0,1,0,H
Sociedad,Mallorca,15,7,4,3,11,12,8,2,3,1,0,0,0,1,A
Getafe,Las Palmas,11,10,6,5,14,15,3,2,0,2,1,0,1,0,A
Celta,Espanol,16,5,6,3,14,10,13,5,2,2,0,0,0,1,A
Leganes,Barcelona,6,12,1,3,10,4,4,8,2,1,0,0,0,0,A
Osasuna,Girona,13,18,6,8,17,15,4,4,2,0,0,0,1,0,H
Alaves,Real Madrid,13,11,6,4,21,12,4,4,4,4,1,1,0,1,A
Betis,Villarreal,24,8,5,2,4,13,5,5,0,4,0,0,1,1,A
Ath Bilbao,Vallecano,13,11,4,3,12,7,7,1,4,3,0,0,0,1,H
Ath Madrid,Valladolid,24,6,9,3,11,8,5,1,1,1,0,0,2,1,H
Espanol,Getafe,9,9,3,4,12,15,6,8,0,2,0,1,1,0,H
Vallecano,Valencia,11,10,4,3,18,13,5,2,3,1,0,0,1,0,D
Barcelona,Celta,18,11,6,8,10,13,4,1,2,2,0,0,1,1,H
Mallorca,Leganes,11,15,1,1,17,15,4,4,2,1,0,0,0,0,D
Las Palmas,Ath Madrid,8,7,2,2,13,13,4,4,3,1,0,0,0,0,H
Valladolid,Osasuna,12,11,5,6,12,17,5,2,2,0,0,0,0,2,A
Villarreal,Sociedad,20,4,5,4,12,12,10,4,5,1,0,0,1,1,D
Sevilla,Alaves,10,11,2,3,10,11,3,6,2,2,0,0,1,1,D
Real Madrid,Ath Bilbao,22,3,7,1,7,15,14,1,1,2,0,0,0,0,H
Girona,Betis,11,17,5,9,13,11,8,9,3,2,0,0,0,3,A
Valencia,Espanol,16,8,7,3,7,7,6,4,2,1,0,0,0,1,D
Barcelona,Mallorca,40,4,13,0,10,7,13,2,0,1,0,0,0,0,H
Ath Bilbao,Las Palmas,13,10,4,2,13,9,3,3,1,3,0,0,1,0,H
Celta,Villarreal,21,4,9,1,16,10,6,3,2,1,0,1,1,0,H
Alaves,Sociedad,10,6,1,0,17,17,6,6,4,5,0,0,0,0,H
Getafe,Real Madrid,20,14,6,7,15,7,4,4,3,1,0,0,0,1,A
Leganes,Girona,7,8,1,3,16,18,4,5,4,2,1,0,0,0,D
Osasuna,Sevilla,9,12,2,3,14,13,4,4,4,2,0,1,1,0,H
Ath Madrid,Vallecano,10,12,5,5,8,15,6,3,0,2,0,0,2,0,H
Betis,Valladolid,16,10,6,5,7,7,4,4,1,0,0,0,1,1,H
Villarreal,Espanol,14,12,5,1,19,11,8,6,4,0,0,0,0,0,H
Vallecano,Getafe,13,12,8,1,12,13,7,3,3,2,0,1,1,0,H
Alaves,Ath Madrid,8,9,2,2,18,13,3,5,3,2,0,0,0,0,D
Villarreal,Osasuna,15,11,5,4,10,18,2,8,4,1,0,0,3,0,H
Las Palmas,Valencia,15,10,3,5,12,6,9,5,1,1,0,0,1,1,A
Valladolid,Barcelona,5,24,4,7,12,15,4,8,3,2,0,0,1,0,A
Real Madrid,Celta,17,14,6,7,5,11,4,6,2,1,0,0,2,0,H
Sevilla,Leganes,25,9,7,3,17,12,8,2,4,5,0,0,1,1,D
Espanol,Betis,11,20,5,10,16,10,3,7,2,0,0,0,1,0,A
Sociedad,Ath Bilbao,12,3,3,1,18,13,7,3,1,2,0,0,0,0,D
Girona,Mallorca,13,9,6,1,11,14,5,2,0,2,0,0,1,0,H
Las Palmas,Vallecano,11,16,2,5,8,9,8,8,2,3,0,0,0,0,A
Valencia,Getafe,10,10,6,3,17,20,2,6,3,5,0,0,3,0,H
Celta,Sevilla,8,19,4,10,11,16,3,6,0,2,1,0,1,1,H
Girona,Villarreal,7,14,0,5,13,10,5,3,2,3,0,0,0,0,A
Mallorca,Valladolid,12,16,4,7,16,12,5,10,2,1,0,0,1,1,H
Ath Madrid,Sociedad,13,6,7,1,7,12,3,3,0,1,0,0,4,0,H
Leganes,Espanol,13,12,5,6,14,18,3,8,2,2,0,0,2,0,H
Barcelona,Real Madrid,23,9,9,5,17,15,10,2,4,3,0,0,4,2,H
Ath Bilbao,Alaves,11,4,3,1,17,12,9,2,1,1,0,0,0,0,H
Betis,Osasuna,10,16,5,5,8,12,6,7,3,2,0,0,0,0,D
Valladolid,Girona,11,13,4,5,5,19,6,4,0,0,0,0,0,0,A
Sociedad,Celta,15,6,5,2,18,11,14,1,3,1,0,0,0,1,A
Sevilla,Las Palmas,10,14,3,3,22,15,4,2,6,6,0,0,0,0,H
Alaves,Valencia,11,10,5,3,16,10,9,4,4,3,0,0,0,0,H
Villarreal,Leganes,17,23,7,6,5,11,3,6,1,1,0,0,3,0,H
Real Madrid,Mallorca,39,4,13,2,6,15,26,0,0,3,0,0,0,1,H
Vallecano,Betis,20,10,6,3,8,18,10,7,1,3,0,0,2,0,D
Osasuna,Ath Madrid,9,9,3,5,12,11,3,5,1,1,0,0,1,0,H
Espanol,Barcelona,9,12,1,4,8,10,3,3,2,2,1,0,0,0,A
Getafe,Ath Bilbao,11,9,1,2,10,7,2,5,1,0,0,0,0,0,A
Ath Madrid,Betis,20,12,11,7,12,9,7,4,1,1,0,0,2,0,H
Barcelona,Villarreal,24,7,9,3,14,9,11,3,2,0,0,0,2,1,A
Celta,Vallecano,24,7,7,2,10,17,9,2,2,3,0,0,1,2,A
Las Palmas,Leganes,12,11,3,4,15,12,9,2,2,2,0,0,0,1,A
Mallorca,Getafe,7,10,1,4,14,9,3,4,2,2,0,0,0,0,A
Osasuna,Espanol,16,16,3,6,11,5,8,6,1,1,0,0,1,0,H
Sevilla,Real Madrid,6,16,1,6,7,9,1,7,0,1,2,0,0,0,A
Sociedad,Girona,15,9,9,5,10,9,9,2,1,3,0,0,2,1,H
Valencia,Ath Bilbao,6,10,2,4,10,16,5,3,3,1,0,0,0,0,A
Valladolid,Alaves,7,14,1,4,12,24,5,9,0,2,0,0,0,1,A
Betis,Valencia,14,9,4,2,8,12,3,2,1,2,0,0,1,0,D
Real Madrid,Sociedad,16,9,8,1,5,7,11,4,0,0,0,0,1,0,H
Espanol,Las Palmas,8,10,3,4,12,11,3,6,3,2,0,0,0,0,H
Leganes,Valladolid,16,6,6,2,11,16,3,4,0,1,0,0,3,0,H
Alaves,Osasuna,14,19,5,5,15,6,5,9,2,2,0,0,0,0,D
Getafe,Celta,6,15,1,8,13,10,2,6,3,4,1,0,1,1,A
Vallecano,Mallorca,27,9,8,2,9,14,11,2,2,2,0,0,0,0,D
Girona,Ath Madrid,2,19,1,11,13,11,1,8,0,1,0,0,0,0,A
Villarreal,Sevilla,12,17,7,6,8,14,3,5,0,1,0,0,3,1,H
Ath Bilbao,Barcelona,10,13,1,4,21,10,2,6,1,0,0,0,0,2,A
Almeria,Vallecano,19,10,5,4,16,25,8,3,1,3,0,0,0,2,A
Sevilla,Valencia,9,10,3,3,15,17,8,1,3,2,1,0,0,0,A
Sociedad,Girona,15,6,2,1,22,9,4,1,2,5,0,0,1,0,D
Las Palmas,Mallorca,5,12,2,2,11,21,3,6,3,2,0,0,1,0,D
Ath Bilbao,Real Madrid,7,14,1,8,18,6,7,5,3,1,0,0,0,2,A
Celta,Osasuna,11,11,1,5,11,15,7,2,1,1,0,0,0,1,A
Villarreal,Betis,18,12,5,5,13,17,9,4,1,3,0,0,0,1,A
Getafe,Barcelona,5,14,2,4,20,11,3,4,8,2,1,1,0,0,D
Cadiz,Alaves,12,10,3,2,19,15,2,4,3,2,1,0,1,0,H
Ath Madrid,Granada,14,7,6,4,15,9,3,3,3,1,0,0,1,0,H
Mallorca,Villarreal,8,15,1,3,12,11,6,5,2,4,0,0,0,0,A
Valencia,Las Palmas,9,7,4,1,12,6,6,4,0,0,0,0,0,0,H
Sociedad,Celta,11,17,2,6,12,12,9,7,2,1,0,0,1,0,D
Almeria,Real Madrid,20,24,8,9,10,13,4,5,1,0,0,0,1,1,A
Osasuna,Ath Bilbao,18,8,7,2,9,14,5,3,1,5,1,1,0,2,A
Girona,Getafe,7,9,6,2,11,20,3,2,2,5,0,0,1,0,H
Barcelona,Cadiz,23,10,10,1,9,22,10,2,4,3,0,0,0,0,H
Betis,Ath Madrid,14,5,0,1,10,8,2,7,2,1,0,0,0,0,D
Alaves,Sevilla,14,12,7,2,14,13,4,4,1,2,0,0,2,2,H
Granada,Vallecano,14,17,7,9,14,11,5,6,2,1,1,0,0,0,A
Las Palmas,Sociedad,11,8,5,1,7,29,5,7,1,4,0,0,0,0,D
Celta,Real Madrid,13,10,4,3,19,14,3,5,2,3,0,0,0,0,A
Cadiz,Almeria,11,5,3,2,16,22,7,3,0,5,1,1,0,0,D
Granada,Mallorca,10,10,4,5,11,27,5,3,2,7,0,0,1,1,H
Sevilla,Girona,21,8,4,3,11,18,6,6,2,1,0,0,1,1,A
Villarreal,Barcelona,13,21,6,11,12,14,2,6,3,3,0,0,2,2,A
Valencia,Osasuna,16,7,4,2,13,12,6,3,3,4,0,0,0,1,A
Ath Bilbao,Betis,14,7,6,3,23,11,5,3,4,2,0,0,3,2,H
Getafe,Alaves,15,16,4,2,13,15,4,5,1,2,0,0,0,0,H
Vallecano,Ath Madrid,12,17,3,10,19,17,8,3,4,3,0,0,0,3,A
Cadiz,Villarreal,18,7,4,3,21,15,7,3,5,4,0,1,2,1,H
Almeria,Celta,16,14,5,8,9,9,6,5,1,1,0,0,0,2,A
Sociedad,Granada,15,8,6,5,15,14,2,5,1,5,0,0,2,1,H
Real Madrid,Getafe,26,6,12,2,12,16,11,1,2,6,0,0,0,1,H
Alaves,Valencia,7,9,1,4,18,9,1,2,4,2,0,0,1,0,H
Betis,Vallecano,14,15,5,6,22,20,2,3,3,5,0,0,0,0,H
Girona,Las Palmas,11,10,6,5,15,10,3,5,3,3,0,0,0,0,H
Mallorca,Ath Bilbao,8,11,2,3,12,17,3,5,0,1,0,0,0,0,D
Osasuna,Barcelona,11,9,3,4,6,16,8,5,1,3,1,0,0,1,A
Vallecano,Alaves,20,9,11,1,15,14,5,3,2,3,0,0,1,0,H
Ath Bilbao,Cadiz,20,5,9,4,10,20,5,4,1,4,0,0,0,0,H
Valencia,Ath Madrid,12,11,8,3,13,17,5,8,1,5,0,0,2,0,H
Celta,Mallorca,16,7,4,4,9,15,10,1,1,3,0,0,0,0,A
Barcelona,Betis,17,11,9,2,9,10,9,5,1,2,0,0,2,0,H
Getafe,Osasuna,11,8,6,3,15,11,6,3,6,2,0,0,1,1,H
Villarreal,Almeria,10,17,4,7,16,6,7,6,2,3,0,0,1,1,H
Sevilla,Las Palmas,26,12,9,2,13,12,7,3,3,5,0,0,0,0,H
Real Madrid,Sociedad,17,15,8,5,11,14,4,3,3,2,0,0,0,1,H
Granada,Girona,12,13,5,7,13,21,4,5,3,3,0,0,0,3,A
Alaves,Ath Bilbao,15,11,5,3,13,9,3,4,2,2,0,0,0,1,A
Girona,Mallorca,23,15,10,5,10,12,6,5,1,5,0,0,4,1,H
Osasuna,Sevilla,16,15,2,3,11,7,7,4,2,3,0,0,0,0,D
Barcelona,Celta,15,13,6,7,10,11,2,3,2,1,0,0,0,1,H
Almeria,Valencia,17,7,10,5,12,10,8,3,4,2,0,0,0,1,D
Sociedad,Getafe,10,10,6,7,13,24,2,1,3,2,0,0,1,2,H
Vallecano,Villarreal,11,13,6,6,20,18,2,8,2,3,0,1,1,1,D
Betis,Cadiz,21,5,7,1,10,14,11,8,2,3,0,0,0,1,D
Las Palmas,Granada,10,2,3,1,13,19,6,7,6,4,1,0,0,0,H
Ath Madrid,Real Madrid,10,20,4,5,13,10,6,11,1,3,0,0,2,1,H
Sevilla,Almeria,18,10,9,1,15,16,9,4,3,2,0,0,3,0,H
Mallorca,Barcelona,10,10,5,4,19,7,7,2,4,1,1,0,2,1,D
Ath Bilbao,Getafe,9,13,4,5,9,19,5,4,5,6,1,0,1,0,D
Real Madrid,Las Palmas,21,16,9,2,7,9,7,2,0,1,0,0,1,0,H
Villarreal,Girona,14,17,3,5,9,11,5,6,3,2,0,0,0,0,A
Cadiz,Vallecano,9,9,2,4,16,13,1,2,5,6,0,1,0,0,D
Valencia,Sociedad,9,2,2,1,14,17,0,2,4,7,1,0,0,1,A
Celta,Alaves,8,21,0,11,9,11,2,8,5,3,1,0,1,0,D
Granada,Betis,19,13,7,3,14,10,5,7,2,1,0,0,0,0,D
Osasuna,Ath Madrid,13,4,2,3,14,4,7,2,3,3,1,1,0,1,A
Barcelona,Sevilla,18,12,5,3,11,15,13,3,2,3,0,0,0,0,H
Getafe,Villarreal,22,3,9,0,19,11,6,4,2,4,0,1,0,0,D
Vallecano,Mallorca,19,9,5,4,12,20,5,0,2,5,0,0,1,1,D
Girona,Real Madrid,13,14,3,7,13,14,1,4,2,2,0,1,0,2,A
Sociedad,Ath Bilbao,8,18,5,3,20,9,5,7,2,2,0,0,1,0,H
Almeria,Granada,17,19,5,4,18,14,1,5,2,1,0,0,3,0,D
Alaves,Osasuna,17,10,3,3,13,13,4,2,2,3,1,0,0,1,A
Ath Madrid,Cadiz,18,8,9,4,5,10,5,3,1,3,0,0,1,2,H
Betis,Valencia,15,9,7,2,11,10,5,3,2,2,0,0,1,0,H
Las Palmas,Celta,16,11,5,3,13,14,4,5,2,1,0,0,0,0,H
Ath Bilbao,Almeria,23,4,9,1,11,7,6,2,2,0,0,0,1,0,H
Cadiz,Girona,8,20,2,5,12,13,5,5,1,3,1,0,0,0,A
Real Madrid,Osasuna,19,7,9,1,9,6,5,4,2,2,0,0,1,0,H
Mallorca,Valencia,9,11,5,3,17,11,3,6,2,1,0,0,1,1,D
Sevilla,Vallecano,22,7,6,4,16,19,12,2,5,2,0,0,0,2,D
Villarreal,Las Palmas,9,8,4,5,17,7,7,2,4,4,0,0,0,1,A
Ath Madrid,Sociedad,14,13,5,4,9,12,1,4,3,3,0,0,1,0,H
Alaves,Betis,15,6,5,2,13,9,5,3,3,3,0,1,1,1,D
Celta,Getafe,26,3,11,2,14,20,13,1,1,8,0,1,2,2,D
Granada,Barcelona,7,22,2,10,12,7,1,11,4,1,0,0,2,1,D
Osasuna,Granada,12,13,6,3,19,13,1,7,3,4,0,1,1,0,H
Sociedad,Mallorca,14,18,6,7,14,16,2,5,3,3,0,0,0,0,H
Getafe,Betis,14,13,4,3,17,11,4,8,5,2,0,0,1,1,D
Sevilla,Real Madrid,17,14,7,5,13,6,4,6,5,2,0,0,0,0,D
Celta,Ath Madrid,16,12,3,7,10,10,7,5,3,2,1,0,0,1,A
Las Palmas,Vallecano,12,12,6,4,13,11,10,5,4,3,0,1,0,0,A
Girona,Almeria,19,9,8,5,11,14,9,6,1,2,0,0,3,2,H
Villarreal,Alaves,12,16,3,7,15,10,9,3,4,3,0,0,0,0,D
Barcelona,Ath Bilbao,12,10,7,3,11,18,4,7,3,3,0,0,0,0,H
Valencia,Cadiz,12,5,4,4,16,16,4,6,0,3,0,1,2,0,H
Girona,Celta,12,4,2,2,15,12,10,1,3,2,0,0,0,0,H
Almeria,Las Palmas,10,10,4,3,13,19,3,2,3,1,0,0,0,1,A
Barcelona,Real Madrid,15,13,3,4,15,15,6,3,2,1,0,0,1,0,A
Mallorca,Getafe,15,8,4,0,10,25,8,3,0,1,0,0,0,0,D
Cadiz,Sevilla,10,20,5,10,17,12,2,4,6,4,0,0,2,1,D
Betis,Osasuna,9,7,2,1,10,25,6,3,3,4,0,0,1,0,H
Vallecano,Sociedad,16,15,7,3,17,16,4,5,3,2,0,0,1,1,D
Ath Bilbao,Valencia,12,11,7,5,11,10,10,4,3,1,0,0,1,0,D
Ath Madrid,Alaves,11,8,7,1,10,11,4,4,3,2,0,0,2,0,H
Granada,Villarreal,18,6,8,5,14,15,4,1,0,4,0,0,2,3,A
Las Palmas,Ath Madrid,9,13,3,5,12,9,3,4,0,3,0,0,0,0,H
Osasuna,Girona,15,11,3,4,14,10,2,7,5,3,0,0,1,1,A
Betis,Mallorca,22,8,3,1,13,16,6,1,1,4,0,1,1,0,H
Celta,Sevilla,15,13,3,5,14,10,4,6,2,5,1,0,1,0,D
Sociedad,Barcelona,13,12,6,4,16,8,8,3,3,3,0,0,0,0,A
Alaves,Almeria,23,9,3,3,13,14,12,6,2,3,0,0,0,0,H
Valencia,Granada,11,6,2,1,20,15,0,4,3,5,0,0,1,0,H
Villarreal,Ath Bilbao,17,17,6,7,11,18,9,3,4,4,0,0,0,3,A
Real Madrid,Vallecano,22,4,5,0,12,15,11,1,3,5,0,0,0,0,D
Getafe,Cadiz,13,6,3,2,18,12,6,3,7,1,1,0,0,0,H
Ath Bilbao,Celta,21,13,12,5,15,13,7,2,2,2,0,0,2,2,H
Vallecano,Girona,22,19,9,7,15,13,8,3,1,2,0,0,1,1,A
Almeria,Sociedad,7,18,2,6,18,19,5,5,2,2,0,0,0,0,A
Granada,Getafe,12,10,6,6,14,9,3,5,4,2,0,0,1,1,D
Osasuna,Las Palmas,11,6,3,1,25,10,8,3,1,1,0,0,0,0,D
Real Madrid,Valencia,16,10,7,4,7,26,4,4,1,3,0,0,2,0,H
Barcelona,Alaves,11,8,6,1,11,10,2,1,2,1,0,0,0,1,H
Sevilla,Betis,13,14,4,6,18,14,9,5,1,1,0,0,0,0,D
Ath Madrid,Villarreal,25,11,10,7,8,8,6,3,0,2,0,0,1,1,H
Alaves,Granada,8,11,5,4,10,13,6,2,1,3,0,0,2,0,H
Vallecano,Barcelona,10,15,4,4,23,13,1,4,3,4,0,0,1,0,D
Valencia,Celta,8,13,0,1,13,7,5,7,3,2,0,0,0,0,D
Getafe,Almeria,18,13,5,4,12,8,3,6,2,4,0,0,2,1,H
Ath Madrid,Mallorca,20,8,3,1,8,19,7,3,0,0,0,0,0,0,H
Villarreal,Osasuna,10,15,3,7,9,14,2,4,0,0,0,0,0,0,H
Sociedad,Sevilla,11,8,8,2,22,8,4,4,2,1,0,2,2,0,H
Cadiz,Real Madrid,13,14,4,5,16,16,4,4,3,3,0,0,0,1,A
Betis,Las Palmas,12,15,6,4,7,12,7,6,1,2,0,0,1,0,H
Girona,Ath Bilbao,12,13,2,6,8,16,2,6,1,1,0,0,0,0,D
Mallorca,Cadiz,16,6,3,3,14,18,7,0,2,3,0,0,1,1,D
Las Palmas,Getafe,11,12,6,4,11,9,4,4,0,5,0,1,1,0,H
Girona,Valencia,9,9,5,3,6,7,3,2,2,3,0,0,0,0,H
Ath Bilbao,Vallecano,9,11,4,3,15,11,7,2,1,2,0,0,1,0,H
Real Madrid,Granada,11,1,4,0,10,12,6,0,2,1,0,0,1,0,H
Osasuna,Sociedad,9,17,3,5,12,10,1,8,3,3,0,0,1,1,D
Mallorca,Alaves,7,7,3,4,16,15,5,4,4,2,0,0,0,0,D
Almeria,Betis,20,6,8,2,12,8,4,6,0,3,0,1,0,0,D
Sevilla,Villarreal,18,5,4,4,6,16,8,4,3,2,0,0,0,0,D
Barcelona,Ath Madrid,13,9,2,4,17,12,7,2,5,4,0,0,1,0,H
Celta,Cadiz,26,2,7,1,14,18,12,1,1,6,0,1,0,1,D
Getafe,Valencia,8,3,6,0,15,14,7,0,2,4,1,2,0,0,H
Alaves,Las Palmas,19,9,5,2,13,13,12,3,3,4,0,0,0,1,A
Betis,Real Madrid,14,12,6,2,14,7,8,6,2,1,0,0,0,0,D
Villarreal,Sociedad,20,16,4,5,10,22,5,3,2,1,0,0,0,3,A
Mallorca,Sevilla,6,19,3,5,15,6,4,12,2,2,0,0,1,0,H
Ath Madrid,Almeria,13,19,4,5,13,11,3,15,1,0,0,0,2,0,H
Cadiz,Osasuna,12,13,5,5,15,16,2,4,1,2,0,0,1,0,D
Barcelona,Girona,31,15,11,7,7,10,8,3,1,2,0,0,1,2,A
Granada,Ath Bilbao,7,19,4,4,9,11,1,8,0,2,0,0,0,1,D
Vallecano,Celta,17,4,4,2,15,10,8,1,3,0,0,0,0,0,D
Osasuna,Vallecano,10,9,4,3,20,13,9,1,2,3,0,0,0,0,H
Celta,Granada,11,7,4,2,20,18,7,1,6,2,1,0,1,0,H
Ath Bilbao,Ath Madrid,16,7,7,3,7,10,3,7,0,1,0,0,0,0,H
Sevilla,Getafe,12,14,4,7,18,18,4,2,3,3,0,0,0,2,A
Valencia,Barcelona,11,16,4,8,9,11,4,6,1,2,0,0,0,0,D
Almeria,Mallorca,7,20,1,2,12,9,4,4,2,1,0,0,0,0,D
Sociedad,Betis,12,12,4,3,12,12,3,7,3,4,0,0,0,0,D
Las Palmas,Cadiz,7,13,2,5,9,12,4,6,1,3,0,0,1,0,D
Real Madrid,Villarreal,22,3,9,1,14,12,11,0,2,3,0,0,2,0,H
Girona,Alaves,9,12,4,2,9,7,3,2,0,1,0,0,2,0,H
Vallecano,Valencia,7,8,1,3,16,18,8,1,1,5,0,1,0,0,A
Ath Madrid,Getafe,8,29,4,9,7,14,1,12,3,3,1,0,1,0,D
Granada,Sevilla,12,12,3,5,10,18,6,4,2,1,0,0,0,2,A
Barcelona,Almeria,30,10,11,5,16,9,12,0,3,3,0,0,1,1,H
Ath Bilbao,Las Palmas,19,5,10,1,12,11,5,2,1,3,0,0,0,0,H
Villarreal,Celta,12,15,8,5,16,15,4,7,2,4,0,0,2,0,H
Betis,Girona,21,12,4,4,6,9,7,6,2,2,0,0,0,1,D
Cadiz,Sociedad,10,8,2,1,16,15,7,5,3,1,0,0,0,0,D
Alaves,Real Madrid,8,9,2,4,18,13,3,3,3,1,0,1,0,0,A
Mallorca,Osasuna,15,12,8,7,11,12,6,0,3,1,0,0,1,1,H
Ath Madrid,Sevilla,12,8,4,2,12,19,6,5,7,3,1,0,0,0,H
Getafe,Vallecano,5,12,0,8,16,16,2,3,6,3,2,0,0,1,A
Sociedad,Alaves,16,7,6,2,9,17,6,4,4,4,1,0,0,0,D
Valencia,Villarreal,11,8,8,4,12,15,4,3,2,5,0,0,2,0,H
Granada,Cadiz,15,15,8,2,17,16,5,6,3,4,0,1,1,0,H
Celta,Betis,19,14,6,3,10,12,8,7,0,2,0,0,1,1,H
Real Madrid,Mallorca,17,7,5,0,5,15,5,4,2,3,0,0,0,0,H
Girona,Ath Madrid,17,18,9,12,8,10,7,8,0,1,0,0,3,2,H
Osasuna,Almeria,14,4,2,0,14,5,5,4,1,2,0,0,1,0,H
Sevilla,Ath Bilbao,11,15,2,6,9,19,5,4,3,1,0,0,0,1,A
Las Palmas,Barcelona,12,15,3,5,14,5,5,10,5,2,1,0,1,0,A
Sevilla,Alaves,19,16,4,8,12,13,5,4,4,3,0,0,0,2,A
Las Palmas,Villarreal,8,17,3,3,13,11,4,6,4,3,0,0,1,0,H
Mallorca,Celta,17,6,6,2,18,18,10,1,4,1,0,0,1,1,D
Ath Bilbao,Sociedad,10,9,3,1,16,21,5,5,1,4,0,0,2,0,H
Betis,Granada,25,6,6,2,11,17,13,1,3,4,0,0,0,0,H
Almeria,Girona,20,5,3,1,13,8,4,3,4,4,0,1,0,0,D
Cadiz,Valencia,10,9,2,5,15,15,3,1,4,2,0,0,1,1,A
Alaves,Cadiz,13,9,3,1,15,18,4,4,0,4,0,0,0,0,H
Vallecano,Las Palmas,16,10,3,5,19,8,12,0,3,1,1,0,0,1,A
Villarreal,Mallorca,18,8,5,2,13,11,4,6,2,2,1,0,1,0,D
Valencia,Ath Bilbao,6,6,1,3,11,14,4,2,0,3,0,0,0,0,H
Celta,Sociedad,6,6,2,2,12,18,6,3,1,2,0,0,0,1,A
Osasuna,Getafe,13,10,7,7,14,16,1,4,4,4,0,0,2,0,H
Real Madrid,Almeria,18,10,6,2,9,17,6,3,3,5,0,0,0,2,H
Betis,Barcelona,14,11,5,4,12,9,3,4,1,2,0,0,0,1,A
Girona,Sevilla,12,9,8,3,9,11,4,5,0,2,0,0,3,1,H
Granada,Ath Madrid,17,10,2,5,11,16,6,2,2,2,1,0,0,0,A
Almeria,Alaves,19,11,7,3,17,12,11,3,1,2,0,0,0,1,A
Sociedad,Vallecano,6,5,3,0,16,14,2,2,2,4,0,0,0,0,D
Las Palmas,Real Madrid,7,13,2,5,17,14,1,6,3,3,0,0,0,0,A
Barcelona,Villarreal,22,9,10,6,8,13,10,0,3,4,0,0,0,1,A
Mallorca,Betis,14,8,1,2,14,6,5,4,2,1,0,0,0,1,A
Celta,Girona,10,15,5,6,13,11,5,7,1,1,0,0,0,1,A
Cadiz,Ath Bilbao,9,8,2,0,13,14,6,8,4,2,0,0,0,0,D
Sevilla,Osasuna,10,11,5,4,19,13,2,4,3,0,1,0,1,0,D
Ath Madrid,Valencia,12,10,8,3,9,9,3,6,2,0,0,0,1,0,H
Getafe,Granada,7,16,4,3,17,11,4,3,2,1,0,0,2,0,H
Barcelona,Osasuna,16,9,4,1,9,12,6,6,1,2,0,1,0,0,H
Ath Madrid,Vallecano,8,10,3,2,11,13,5,6,0,3,0,0,1,1,H
Getafe,Real Madrid,10,16,2,9,16,5,2,6,1,2,0,0,0,1,A
Ath Bilbao,Mallorca,13,6,6,2,17,15,6,2,0,1,0,0,2,0,H
Valencia,Almeria,7,15,2,5,17,16,0,6,4,5,0,0,2,0,H
Granada,Las Palmas,3,16,1,6,6,16,2,9,4,3,1,1,1,0,D
Alaves,Barcelona,13,8,2,5,15,10,14,5,2,2,0,1,0,1,A
Girona,Sociedad,11,11,3,2,8,19,3,4,2,3,0,0,0,0,D
Villarreal,Cadiz,19,8,4,2,14,14,13,2,3,1,0,0,0,0,D
Osasuna,Celta,18,6,1,5,10,10,9,1,2,0,0,0,0,2,A
Betis,Getafe,9,11,3,2,9,19,3,5,7,4,0,0,1,1,D
Real Madrid,Ath Madrid,17,10,4,5,6,15,2,8,0,5,0,0,1,0,D
Vallecano,Sevilla,22,10,5,6,8,10,6,0,2,2,0,0,1,2,A
Cadiz,Betis,14,13,5,5,12,10,5,3,1,1,0,0,0,1,A
Alaves,Villarreal,17,12,4,4,7,11,10,9,0,2,0,0,1,1,D
Sociedad,Osasuna,21,9,3,2,11,11,7,4,0,0,0,0,0,0,A
Real Madrid,Girona,16,5,6,0,9,12,0,2,1,2,0,0,2,0,H
Las Palmas,Valencia,8,7,3,1,9,9,5,0,2,0,0,0,0,0,H
Getafe,Celta,11,9,4,4,16,13,0,4,1,2,0,0,2,0,H
Mallorca,Vallecano,8,11,5,4,17,11,5,1,4,0,0,0,0,0,H
Sevilla,Ath Madrid,10,16,6,5,8,5,2,7,2,1,0,0,1,0,H
Barcelona,Granada,11,11,6,5,13,9,6,2,1,2,0,0,1,1,D
Almeria,Ath Bilbao,10,12,4,4,17,15,4,10,4,1,1,0,0,0,D
Villarreal,Getafe,20,11,7,2,13,13,8,3,0,1,0,0,0,1,D
Ath Madrid,Las Palmas,13,11,7,2,19,9,3,5,2,2,0,0,2,0,H
Osasuna,Cadiz,11,5,4,1,20,12,5,4,4,2,0,0,0,0,H
Celta,Barcelona,13,14,4,4,11,13,2,5,2,4,0,0,0,1,A
Valencia,Sevilla,14,1,4,1,5,8,7,2,0,1,0,0,0,0,D
Vallecano,Real Madrid,8,11,3,4,17,7,4,10,4,3,0,1,1,1,D
Granada,Almeria,19,13,7,3,13,22,10,4,2,3,0,0,0,1,D
Mallorca,Sociedad,4,19,1,5,12,18,3,9,7,5,1,0,1,1,A
Betis,Alaves,13,13,2,4,13,9,6,8,5,2,0,0,0,0,D
Ath Bilbao,Girona,14,12,7,6,16,13,3,4,1,2,0,0,1,0,H
Sociedad,Villarreal,21,6,8,4,15,14,13,2,3,4,0,0,0,1,A
Barcelona,Getafe,17,10,9,4,12,18,5,8,1,4,0,0,1,0,H
Alaves,Mallorca,9,15,1,8,7,15,3,3,0,2,0,0,0,0,D
Almeria,Ath Madrid,9,18,4,9,13,12,2,7,1,1,0,0,1,1,D
Cadiz,Celta,19,7,6,3,13,20,9,1,2,3,0,0,0,1,D
Betis,Ath Bilbao,13,3,5,1,14,12,5,3,1,6,0,1,2,1,H
Las Palmas,Osasuna,9,6,3,2,6,15,6,7,2,1,0,0,0,0,D
Real Madrid,Sevilla,16,4,6,1,10,13,7,2,1,3,0,0,0,0,H
Girona,Vallecano,14,7,8,1,13,16,2,2,3,5,0,1,0,0,H
Celta,Almeria,15,3,6,0,8,14,7,0,1,2,0,1,0,0,H
Sevilla,Sociedad,12,13,5,4,12,15,2,5,1,2,0,0,2,1,H
Vallecano,Cadiz,9,16,5,5,14,17,4,9,1,1,0,0,0,0,D
Getafe,Las Palmas,16,14,5,5,28,9,4,4,4,1,0,0,3,1,D
Valencia,Real Madrid,12,10,5,5,18,11,2,2,2,3,0,1,2,1,D
Villarreal,Granada,16,9,10,3,12,15,6,4,1,2,0,0,3,0,H
Ath Madrid,Betis,17,12,12,6,9,12,4,6,1,2,0,0,2,0,H
Mallorca,Girona,16,15,2,4,19,9,8,5,5,0,0,0,1,0,H
Ath Bilbao,Barcelona,8,8,2,2,14,11,4,4,3,3,0,0,0,0,D
Osasuna,Alaves,15,10,4,4,15,11,5,5,2,1,0,0,0,0,H
Barcelona,Mallorca,20,9,6,3,9,14,4,1,1,1,0,0,0,0,H
Valencia,Getafe,10,15,3,5,10,19,5,5,2,3,0,0,1,0,H
Cadiz,Ath Madrid,7,8,3,4,20,15,3,1,4,5,0,0,1,0,H
Granada,Sociedad,13,11,6,8,17,11,4,6,1,2,0,0,2,1,A
Girona,Osasuna,11,7,6,1,10,16,5,7,3,3,0,0,1,0,H
Alaves,Vallecano,12,9,4,3,13,10,7,5,2,2,0,0,1,0,H
Las Palmas,Ath Bilbao,14,7,2,2,8,14,10,3,3,3,0,0,0,1,A
Real Madrid,Celta,24,11,13,1,8,13,12,1,2,3,0,0,1,0,H
Betis,Villarreal,13,6,4,4,12,17,11,4,3,4,1,1,2,1,A
Almeria,Sevilla,14,19,4,6,6,11,1,8,2,2,0,0,1,0,D
Sociedad,Cadiz,14,13,6,2,15,6,8,2,3,1,0,0,1,0,H
Mallorca,Granada,18,8,8,3,17,9,10,2,2,0,0,0,0,0,H
Osasuna,Real Madrid,9,17,4,9,18,9,5,7,3,2,0,0,1,2,A
Getafe,Girona,11,13,3,3,16,13,2,5,4,4,0,0,1,0,H
Ath Bilbao,Alaves,16,7,4,3,7,13,5,4,1,3,0,0,2,0,H
Sevilla,Celta,11,18,4,5,13,6,3,8,4,0,0,0,1,0,A
Las Palmas,Almeria,21,3,6,2,8,17,11,3,2,2,0,0,0,1,A
Villarreal,Valencia,13,14,7,7,12,12,6,2,5,1,0,0,0,0,H
Vallecano,Betis,8,11,4,1,22,16,4,8,4,4,0,0,1,0,H
Ath Madrid,Barcelona,12,9,3,5,15,9,7,3,3,1,1,0,0,1,A
Cadiz,Granada,13,10,5,2,17,14,5,2,2,4,0,0,0,0,H
Getafe,Sevilla,18,10,5,3,11,15,7,3,4,5,0,0,0,1,A
Almeria,Osasuna,12,6,5,4,12,14,6,1,3,2,0,0,0,2,A
Valencia,Mallorca,14,11,5,3,8,11,3,3,0,2,0,0,0,0,D
Barcelona,Las Palmas,14,8,2,0,11,9,6,1,5,1,0,1,0,0,H
Celta,Vallecano,13,8,0,2,12,16,3,2,3,3,0,0,0,0,D
Girona,Betis,9,7,5,4,13,14,5,4,3,4,0,0,1,1,H
Alaves,Sociedad,3,12,0,3,10,15,3,8,2,2,0,0,0,0,A
Real Madrid,Ath Bilbao,9,7,4,3,9,13,4,7,2,1,0,0,1,0,H
Villarreal,Ath Madrid,11,14,2,8,14,22,3,3,3,3,0,0,0,1,A
Granada,Valencia,13,6,3,2,20,15,5,4,3,1,0,0,0,0,A
Betis,Celta,15,12,3,5,7,10,6,5,1,0,0,0,0,0,H
Ath Madrid,Girona,17,12,4,5,18,12,2,0,3,2,0,0,2,1,H
Vallecano,Getafe,11,7,2,0,17,19,3,0,4,6,0,0,0,0,D
Mallorca,Real Madrid,6,16,2,9,18,7,4,2,2,1,0,0,0,0,A
Cadiz,Barcelona,14,12,3,2,17,15,8,4,3,3,0,0,0,1,A
Las Palmas,Sevilla,5,10,2,3,8,13,6,2,3,3,1,0,0,1,A
Granada,Alaves,9,8,3,3,16,11,1,5,3,2,0,0,2,0,H
Ath Bilbao,Villarreal,13,10,6,2,13,12,3,1,3,3,0,1,0,0,D
Sociedad,Almeria,17,7,4,3,16,8,5,1,2,2,1,0,1,1,D
Osasuna,Valencia,13,4,2,3,10,10,4,1,0,2,0,0,0,1,A
Ath Bilbao,Granada,17,5,6,0,11,15,11,4,4,2,0,0,1,1,D
Celta,Las Palmas,21,9,13,4,10,9,8,4,1,0,0,0,2,1,H
Vallecano,Osasuna,17,6,6,2,9,15,5,1,4,1,0,0,0,1,H
Valencia,Betis,8,12,5,6,18,10,7,6,2,3,0,0,0,1,A
Girona,Cadiz,10,12,5,5,11,14,2,4,1,2,0,0,2,0,H
Getafe,Sociedad,6,7,4,3,12,18,0,4,0,2,0,0,1,1,D
Almeria,Villarreal,24,11,5,3,10,16,5,2,3,4,1,0,1,1,A
Alaves,Ath Madrid,8,15,3,4,20,12,1,11,5,3,0,0,1,0,H
Real Madrid,Barcelona,14,14,8,6,11,12,2,8,3,2,0,0,1,1,H
Sevilla,Mallorca,11,8,4,6,10,8,4,4,0,2,0,0,0,0,H
Sociedad,Real Madrid,9,5,3,3,13,11,11,3,3,4,0,0,0,1,A
Las Palmas,Girona,10,6,5,3,12,10,4,2,1,3,0,0,0,1,A
Almeria,Getafe,21,8,11,5,15,31,9,2,5,4,1,0,1,1,A
Alaves,Celta,16,4,8,0,10,9,8,3,3,3,0,0,0,0,H
Ath Madrid,Ath Bilbao,8,7,3,1,16,15,3,5,3,2,0,0,1,1,H
Cadiz,Mallorca,10,9,2,2,14,21,3,1,3,2,0,0,0,1,D
Granada,Osasuna,12,11,4,2,17,5,0,6,4,0,0,0,1,0,H
Villarreal,Vallecano,15,20,7,4,15,8,3,6,2,1,0,0,1,0,H
Betis,Sevilla,15,10,5,1,9,20,4,6,3,5,0,0,1,0,D
Barcelona,Valencia,27,5,13,3,12,5,15,1,1,0,0,1,1,2,H
Getafe,Ath Bilbao,34,7,9,2,6,9,10,6,0,2,0,2,0,1,A
Sociedad,Las Palmas,9,7,4,1,12,11,7,2,2,1,0,0,2,0,H
Real Madrid,Cadiz,19,7,9,2,6,12,7,4,0,1,0,0,0,0,H
Girona,Barcelona,9,16,7,7,11,8,5,4,0,3,0,0,1,2,H
Mallorca,Ath Madrid,7,9,4,4,12,7,6,2,2,0,0,0,0,1,A
Osasuna,Betis,12,10,2,4,13,13,8,5,2,2,1,0,0,2,A
Celta,Villarreal,23,11,7,3,11,5,2,1,4,0,0,1,2,1,H
Valencia,Alaves,13,14,1,4,9,17,5,7,1,3,0,0,0,0,A
Sevilla,Granada,11,8,5,3,15,13,5,4,2,2,0,0,1,0,H
Vallecano,Almeria,27,7,10,2,17,15,9,2,3,2,0,0,0,1,A
Alaves,Girona,14,15,8,5,13,6,5,3,3,2,0,0,1,2,D
Mallorca,Las Palmas,7,7,2,1,18,10,2,2,6,2,0,0,1,0,H
Villarreal,Sevilla,25,8,7,4,12,14,10,1,3,5,0,0,1,2,H
Granada,Real Madrid,12,13,1,7,11,10,8,5,2,0,0,0,0,2,A
Ath Bilbao,Osasuna,15,13,6,3,9,14,8,6,2,4,0,0,0,1,D
Cadiz,Getafe,13,10,6,4,23,16,6,2,5,2,0,0,1,0,H
Ath Madrid,Celta,21,6,8,2,7,9,4,7,1,1,0,0,0,0,H
Valencia,Vallecano,13,12,5,1,14,21,6,3,1,2,0,0,0,0,D
Betis,Almeria,14,14,7,7,9,10,3,5,0,2,0,0,2,1,H
Barcelona,Sociedad,14,10,5,3,12,14,6,2,2,3,0,0,1,0,H
Osasuna,Mallorca,10,10,4,4,12,11,2,4,0,1,0,0,1,0,D
Real Madrid,Alaves,22,18,11,10,6,12,4,1,1,1,0,0,3,0,H
Girona,Villarreal,22,11,5,3,3,14,5,1,1,5,0,1,0,0,A
Sevilla,Cadiz,14,19,3,7,13,11,1,9,6,2,0,0,0,0,A
Vallecano,Granada,18,10,9,1,12,17,6,6,4,3,1,0,1,0,H
Celta,Ath Bilbao,10,7,4,2,15,14,2,3,2,0,0,0,0,1,H
Getafe,Ath Madrid,8,7,3,3,17,7,6,3,4,3,0,0,0,2,A
Las Palmas,Betis,16,6,9,4,9,12,4,8,2,1,0,0,1,1,D
Almeria,Barcelona,12,16,3,7,9,11,4,7,0,1,0,0,0,1,A
Sociedad,Valencia,10,7,5,3,11,13,3,3,0,2,0,0,1,0,H
Alaves,Getafe,9,10,2,4,13,27,2,1,5,7,0,1,1,0,H
Ath Bilbao,Sevilla,15,9,6,4,12,5,8,3,1,1,0,0,2,0,H
Ath Madrid,Osasuna,15,15,2,6,12,9,7,5,2,2,0,0,0,1,A
Barcelona,Vallecano,14,15,6,4,10,7,7,5,4,2,0,0,1,0,H
Betis,Sociedad,18,5,9,2,12,18,6,2,3,4,0,0,0,2,A
Cadiz,Las Palmas,10,9,3,1,13,12,5,3,3,1,1,0,0,0,D
Granada,Celta,11,8,3,5,15,12,10,2,2,1,0,0,0,0,A
Mallorca,Almeria,29,7,8,3,9,9,12,2,2,3,0,0,1,1,D
Valencia,Girona,20,18,6,5,10,8,5,4,2,0,0,0,0,1,A
Villarreal,Real Madrid,21,12,7,6,15,12,3,3,3,2,0,0,1,4,D
Girona,Granada,16,10,9,2,6,13,4,2,3,5,0,1,3,0,H
Osasuna,Villarreal,12,11,6,3,13,6,6,4,4,3,0,0,1,0,D
Sociedad,Ath Madrid,14,10,4,4,19,15,8,4,3,5,0,1,0,1,A
Almeria,Cadiz,27,12,12,4,4,9,1,4,2,2,0,0,0,1,H
Vallecano,Ath Bilbao,17,7,4,1,6,13,8,2,1,1,0,0,0,0,A
Real Madrid,Betis,13,11,5,3,8,11,4,5,2,1,0,0,0,0,D
Getafe,Mallorca,16,9,6,4,12,10,3,4,0,2,0,0,0,0,A
Celta,Valencia,9,12,4,1,17,18,2,2,0,0,0,0,0,1,D
Las Palmas,Alaves,10,14,4,4,16,10,2,6,2,1,0,0,0,0,D
Sevilla,Barcelona,15,11,6,6,11,9,6,5,2,1,0,0,1,1,A
Osasuna,Sevilla,12,10,5,3,16,9,5,2,5,3,0,0,1,1,H
Celta,Espanol,8,10,3,2,17,15,3,3,5,2,0,0,1,0,D
Valladolid,Villarreal,12,10,6,4,6,10,4,5,1,0,0,0,0,0,A
Barcelona,Vallecano,21,4,6,2,16,14,8,0,3,6,1,0,0,0,D
Cadiz,Sociedad,7,15,2,7,9,20,3,6,4,2,0,0,0,1,A
Valencia,Girona,17,5,2,1,18,14,4,4,2,3,1,0,1,0,H
Almeria,Real Madrid,10,29,6,15,11,4,2,15,3,1,0,0,1,0,A
Ath Bilbao,Mallorca,23,6,6,2,13,12,7,2,0,6,0,0,0,0,D
Getafe,Ath Madrid,10,12,0,5,14,19,3,6,2,1,0,0,0,1,A
Betis,Elche,17,4,8,2,10,18,8,4,3,6,0,1,2,0,H
Espanol,Vallecano,13,8,1,3,12,17,9,2,2,5,1,1,0,1,A
Sevilla,Valladolid,18,6,2,3,20,10,12,2,3,2,1,1,0,0,D
Osasuna,Cadiz,16,9,3,2,11,13,2,2,2,5,0,1,1,0,H
Mallorca,Betis,13,8,7,3,22,17,5,2,7,8,0,0,0,1,A
Celta,Real Madrid,15,16,2,7,12,8,2,2,2,2,0,0,1,2,A
Ath Bilbao,Valencia,12,10,2,0,11,15,6,3,5,2,0,0,1,0,H
Ath Madrid,Villarreal,13,19,5,5,8,11,5,6,2,3,1,0,0,0,A
Sociedad,Barcelona,10,15,5,7,16,9,3,6,2,1,0,0,1,1,A
Elche,Almeria,13,12,3,7,12,16,6,5,1,4,0,1,1,1,D
Girona,Getafe,12,7,6,3,16,18,5,2,3,6,0,1,1,0,H
Girona,Celta,11,11,3,6,16,13,2,4,2,1,0,0,0,0,A
Betis,Osasuna,7,12,1,2,9,21,2,4,0,3,1,0,1,0,H
Elche,Sociedad,12,9,5,5,13,18,4,6,3,3,0,0,0,1,A
Vallecano,Mallorca,15,9,0,4,11,18,7,3,1,3,0,0,0,1,A
Almeria,Sevilla,11,13,5,5,18,11,5,2,5,8,0,0,1,1,H
Getafe,Villarreal,8,11,2,6,11,19,1,4,1,5,0,0,0,0,D
Barcelona,Valladolid,24,8,9,3,9,8,14,4,0,3,0,0,2,0,H
Espanol,Real Madrid,15,19,4,6,15,12,7,7,0,0,1,0,1,1,A
Cadiz,Ath Bilbao,9,20,3,8,18,4,0,6,2,1,0,0,0,1,A
Valencia,Ath Madrid,12,13,2,7,15,17,6,2,4,3,0,0,0,0,A
Celta,Cadiz,9,7,5,0,13,23,2,2,1,2,0,0,0,0,H
Mallorca,Girona,10,10,4,4,23,9,6,3,4,2,0,0,0,0,D
Real Madrid,Betis,22,8,4,4,8,12,9,2,0,1,0,0,1,1,H
Sociedad,Ath Madrid,12,15,5,7,18,13,7,7,5,4,0,0,0,1,D
Sevilla,Barcelona,9,18,4,7,15,14,4,4,2,4,0,0,0,2,A
Osasuna,Vallecano,13,5,6,3,14,16,4,0,2,2,0,0,0,0,H
Ath Bilbao,Espanol,17,9,2,2,12,12,4,2,3,2,0,0,0,0,A
Villarreal,Elche,18,7,10,0,10,9,6,4,1,3,0,0,2,0,H
Valencia,Getafe,24,7,9,4,11,21,9,1,3,6,1,1,3,0,H
Valladolid,Almeria,14,12,6,1,11,20,2,8,1,6,0,0,0,0,H
Girona,Valladolid,14,14,5,4,11,15,3,12,0,2,0,0,1,1,H
Vallecano,Valencia,14,17,6,4,22,11,7,7,5,2,0,0,1,0,H
Espanol,Sevilla,19,11,5,7,11,14,9,3,3,5,0,1,1,3,A
Cadiz,Barcelona,6,16,0,8,12,13,5,6,1,2,0,0,0,0,A
Ath Madrid,Celta,10,14,4,3,11,6,4,7,2,3,0,0,1,0,H
Real Madrid,Mallorca,22,5,7,2,7,15,4,3,3,5,0,0,1,1,H
Elche,Ath Bilbao,9,16,2,8,15,9,5,5,3,0,0,0,0,4,A
Getafe,Sociedad,8,13,3,6,9,16,3,7,4,1,0,0,1,0,H
Betis,Villarreal,16,14,5,3,11,14,9,8,1,1,0,0,0,0,H
Almeria,Osasuna,7,15,2,4,4,9,5,10,0,2,0,0,0,1,A
Valladolid,Cadiz,18,7,6,1,12,19,8,2,1,4,0,0,0,0,A
Mallorca,Almeria,5,9,2,3,15,14,5,2,3,6,0,0,1,0,H
Barcelona,Elche,25,1,9,1,11,9,6,0,2,2,0,1,2,0,H
Valencia,Celta,14,6,7,2,18,23,5,4,3,2,0,1,1,0,H
Ath Bilbao,Vallecano,14,11,7,2,13,13,2,7,1,2,0,0,3,1,H
Osasuna,Getafe,12,10,4,4,15,15,8,1,7,3,1,1,0,1,A
Villarreal,Sevilla,17,12,7,1,15,12,6,4,1,5,0,0,0,1,D
Betis,Girona,9,8,3,3,9,8,2,4,0,3,0,0,1,1,H
Sociedad,Espanol,14,14,6,4,18,8,4,2,3,0,0,0,2,1,H
Ath Madrid,Real Madrid,12,6,5,3,15,16,8,1,4,2,1,0,0,2,A
Ath Bilbao,Almeria,17,8,4,2,17,8,11,2,1,3,0,0,2,0,H
Cadiz,Villarreal,10,14,2,6,13,8,6,5,2,3,1,0,0,0,D
Getafe,Valladolid,14,14,6,7,23,13,4,2,2,4,0,0,2,2,A
Sevilla,Ath Madrid,14,20,3,6,9,12,5,7,3,2,0,0,0,1,A
Mallorca,Barcelona,13,11,3,3,9,13,5,5,2,4,0,0,0,1,A
Espanol,Valencia,10,12,5,5,16,15,6,4,2,1,1,1,0,0,D
Celta,Betis,11,9,4,4,26,3,5,3,4,3,0,1,1,0,H
Girona,Sociedad,16,11,8,5,9,19,2,2,3,1,0,0,2,2,A
Real Madrid,Osasuna,22,8,4,2,9,13,10,2,1,2,0,1,1,0,D
Vallecano,Elche,15,5,6,2,5,19,13,3,1,8,0,0,1,1,H
Osasuna,Valencia,11,15,2,7,11,19,7,5,3,6,2,1,0,1,A
Almeria,Vallecano,10,12,4,4,22,12,7,6,4,2,1,0,3,0,H
Ath Madrid,Girona,13,11,7,4,12,13,8,3,3,1,0,0,1,0,H
Sevilla,Ath Bilbao,10,21,3,4,19,14,5,7,4,0,0,1,1,0,D
Getafe,Real Madrid,9,19,2,4,10,5,4,4,0,0,0,0,0,1,A
Valladolid,Betis,12,4,3,1,12,16,3,1,1,1,0,1,0,0,D
Cadiz,Espanol,8,9,3,6,13,12,8,3,4,4,0,0,1,0,D
Sociedad,Villarreal,17,5,5,1,21,18,9,3,5,3,0,0,1,0,H
Barcelona,Celta,13,14,5,3,16,9,6,3,2,4,0,0,1,0,H
Elche,Mallorca,7,11,2,4,12,17,5,7,4,5,1,1,1,0,D
Vallecano,Getafe,16,6,3,3,13,17,4,1,2,3,0,0,0,0,D
Girona,Cadiz,23,9,6,2,16,9,6,2,5,4,0,0,0,0,D
Valencia,Elche,20,8,8,6,14,19,6,1,3,6,0,0,2,1,D
Mallorca,Sevilla,9,4,5,1,17,15,1,3,2,3,0,0,0,0,A
Ath Bilbao,Ath Madrid,13,3,3,1,14,17,6,1,0,6,0,0,0,0,A
Celta,Sociedad,10,8,3,6,14,17,1,6,5,7,1,0,1,1,A
Real Madrid,Barcelona,8,18,4,5,11,14,2,3,2,2,0,0,2,0,H
Espanol,Valladolid,15,14,3,2,13,11,6,4,1,4,0,0,0,0,H
Betis,Almeria,15,12,6,5,6,7,9,3,1,1,0,0,1,0,H
Villarreal,Osasuna,12,14,9,3,14,23,8,4,2,6,0,0,1,0,H
Sevilla,Valencia,18,13,5,5,11,26,11,6,4,7,1,0,0,1,D
Getafe,Ath Bilbao,11,14,4,4,14,11,7,4,7,4,0,0,1,1,D
Ath Madrid,Vallecano,12,14,4,4,11,11,3,4,3,0,0,0,1,0,D
Cadiz,Betis,13,12,3,3,15,7,4,9,1,2,0,1,0,0,D
Valladolid,Celta,9,22,7,5,12,11,3,7,1,1,0,0,1,1,H
Sociedad,Mallorca,14,12,7,3,18,9,10,7,1,2,0,0,1,0,H
Elche,Real Madrid,10,10,3,7,14,10,8,2,1,1,0,0,0,1,A
Almeria,Girona,13,14,7,5,14,14,4,5,1,3,0,0,3,0,H
Osasuna,Espanol,17,5,5,3,17,15,9,2,1,2,0,0,0,0,H
Barcelona,Villarreal,16,5,5,1,18,11,8,0,0,1,0,0,3,0,H
Vallecano,Cadiz,28,3,11,0,13,12,10,1,1,4,1,2,2,0,H
Valladolid,Sociedad,9,20,2,2,19,14,4,10,2,3,0,0,1,0,H
Valencia,Mallorca,13,10,3,5,14,19,5,3,3,5,0,0,0,0,A
Real Madrid,Sevilla,18,9,6,2,9,12,4,3,1,4,0,0,1,0,H
Espanol,Elche,13,9,5,4,13,10,5,3,2,3,0,0,1,1,D
Betis,Ath Madrid,17,9,4,3,10,17,7,4,2,3,0,0,0,0,A
Girona,Osasuna,7,9,1,2,11,11,3,5,2,3,0,0,1,1,D
Villarreal,Almeria,11,15,5,4,7,8,10,4,4,1,1,0,0,1,H
Barcelona,Ath Bilbao,10,5,7,3,7,13,1,2,2,2,0,0,3,0,H
Celta,Getafe,17,4,5,1,10,13,10,0,1,1,0,0,0,1,D
Mallorca,Espanol,12,7,5,2,15,9,4,4,4,1,0,0,0,0,D
Almeria,Celta,19,8,5,3,10,7,6,4,4,0,0,1,0,1,H
Cadiz,Ath Madrid,10,15,7,7,15,12,5,3,2,4,0,0,1,0,H
Sevilla,Vallecano,10,15,4,5,9,20,6,6,6,1,0,0,0,0,A
Valencia,Barcelona,3,13,2,2,13,7,3,10,4,5,0,0,0,0,A
Osasuna,Valladolid,20,7,10,2,14,16,1,8,1,3,0,0,2,0,H
Real Madrid,Girona,19,8,6,2,16,8,7,1,3,3,1,0,0,0,D
Ath Bilbao,Villarreal,19,6,7,3,12,10,6,2,2,1,0,0,0,0,H
Sociedad,Betis,14,10,7,4,22,16,5,3,4,4,0,0,0,0,A
Elche,Getafe,12,8,5,3,12,11,6,2,0,3,0,1,0,0,A
Girona,Ath Bilbao,19,11,10,7,11,11,7,1,1,1,0,0,0,0,H
Getafe,Cadiz,13,15,2,4,15,16,5,5,5,2,2,1,0,0,D
Valladolid,Elche,16,4,11,2,9,10,8,4,2,0,0,0,1,0,H
Celta,Osasuna,13,8,5,4,12,20,2,3,1,5,0,0,1,2,A
Barcelona,Almeria,27,4,13,1,14,13,9,1,2,1,0,0,0,0,H
Ath Madrid,Espanol,27,6,7,2,13,10,12,2,3,5,0,1,0,0,D
Sociedad,Valencia,9,14,4,3,11,12,1,11,2,0,1,0,1,1,D
Villarreal,Mallorca,9,7,2,5,17,16,5,2,4,6,0,0,0,1,A
Betis,Sevilla,9,22,4,6,6,20,1,4,4,5,2,1,1,0,D
Vallecano,Real Madrid,15,16,7,2,22,11,4,5,4,5,0,0,2,2,H
Elche,Girona,11,21,2,3,16,9,2,5,3,2,0,0,1,1,A
Ath Bilbao,Valladolid,19,8,6,0,20,6,10,2,3,1,0,0,1,0,H
Osasuna,Barcelona,15,9,3,3,15,6,2,5,4,4,0,2,1,0,A
Almeria,Getafe,8,11,3,3,17,8,7,6,8,4,1,0,1,0,H
Sevilla,Sociedad,6,17,3,9,9,12,2,1,2,2,2,0,1,2,A
Espanol,Villarreal,14,10,6,3,11,6,4,7,1,3,0,0,0,0,A
Mallorca,Ath Madrid,9,17,3,5,14,17,2,5,5,3,0,0,1,0,H
Vallecano,Celta,10,11,3,3,19,16,5,3,7,1,0,0,0,0,D
Valencia,Betis,15,5,7,1,12,9,5,5,1,3,0,1,0,0,H
Real Madrid,Cadiz,18,10,5,5,12,16,7,1,3,3,0,0,1,0,H
Girona,Vallecano,16,12,7,4,14,14,2,4,3,2,0,0,1,1,D
Betis,Ath Bilbao,9,10,5,0,8,17,2,6,1,4,1,0,0,0,D
Ath Madrid,Elche,18,5,4,1,14,20,3,5,3,4,1,2,0,0,H
Getafe,Mallorca,14,3,6,0,10,19,4,2,0,1,0,0,0,0,H
Cadiz,Almeria,12,18,6,9,7,14,3,2,2,0,0,0,0,1,D
Celta,Sevilla,17,7,5,5,11,13,5,6,2,4,0,1,1,0,D
Valladolid,Real Madrid,14,19,4,8,7,9,5,9,2,0,1,0,0,0,A
Barcelona,Espanol,21,4,6,1,11,15,10,2,6,7,1,1,1,0,D
Sociedad,Osasuna,9,11,2,3,10,15,3,2,1,1,0,0,1,0,H
Villarreal,Valencia,14,13,8,4,12,16,5,2,1,3,0,0,1,1,H
Elche,Celta,13,14,5,7,15,15,8,4,3,1,1,0,0,1,A
Valencia,Cadiz,11,6,2,2,14,21,13,2,5,6,0,0,0,1,A
Villarreal,Real Madrid,17,13,5,3,13,6,6,5,4,1,0,0,0,0,H
Mallorca,Valladolid,13,9,4,1,14,17,6,2,2,3,0,0,0,0,H
Espanol,Girona,12,12,6,5,13,16,5,2,3,2,0,0,0,1,D
Almeria,Sociedad,6,9,1,6,13,14,4,2,1,0,0,0,0,0,A
Vallecano,Betis,15,14,3,3,10,16,5,7,3,2,0,0,1,2,A
Sevilla,Getafe,11,11,5,2,13,16,4,4,3,3,0,0,1,0,H
Ath Madrid,Barcelona,20,10,5,2,8,16,7,4,2,3,1,1,0,1,A
Ath Bilbao,Osasuna,17,3,3,1,8,13,14,1,0,1,0,0,0,0,D
Celta,Villarreal,21,3,8,1,11,8,14,3,0,2,0,0,0,1,D
Valladolid,Vallecano,9,13,2,6,17,18,4,8,2,2,0,0,0,0,A
Girona,Sevilla,19,10,7,2,11,7,5,2,3,1,0,0,0,1,H
Osasuna,Mallorca,15,6,4,2,15,19,3,1,2,3,0,0,0,0,H
Sociedad,Ath Bilbao,11,6,5,2,20,15,4,2,5,1,0,1,2,1,H
Getafe,Espanol,10,10,2,4,20,13,5,1,2,3,0,0,1,1,A
Almeria,Ath Madrid,14,12,3,6,14,12,3,4,4,4,0,1,1,1,D
Cadiz,Elche,16,12,3,5,11,21,3,6,3,2,0,0,1,0,D
Mallorca,Celta,8,10,3,3,15,11,4,6,2,3,0,0,0,0,H
Vallecano,Sociedad,14,12,2,7,11,11,3,4,0,0,0,0,0,2,A
Espanol,Betis,8,13,2,4,18,8,7,4,3,2,0,0,1,0,H
Ath Madrid,Valladolid,18,7,8,1,12,7,4,1,1,1,0,0,3,0,H
Sevilla,Cadiz,17,4,9,1,15,14,8,1,1,4,0,1,0,0,H
Villarreal,Girona,19,8,9,1,21,15,3,2,5,5,0,1,0,0,H
Elche,Osasuna,13,8,4,4,19,9,7,2,2,1,0,0,0,1,D
Barcelona,Getafe,8,7,4,3,11,6,4,2,1,2,0,0,1,0,H
Ath Bilbao,Real Madrid,18,10,3,4,17,10,12,2,3,2,0,0,0,1,A
Valencia,Almeria,16,14,6,3,8,8,6,2,2,1,0,0,0,0,D
Almeria,Espanol,19,6,7,3,16,6,2,2,3,3,0,0,1,0,H
Cadiz,Mallorca,11,9,4,2,13,12,6,2,2,2,0,0,2,0,H
Girona,Barcelona,8,8,2,3,10,15,4,2,2,3,1,0,0,0,A
Sevilla,Elche,22,6,8,1,7,8,5,2,1,3,0,1,3,0,H
Getafe,Betis,6,13,1,2,25,12,6,1,4,2,0,0,0,0,A
Valladolid,Valencia,13,15,6,2,14,15,4,7,3,1,0,0,0,0,H
Osasuna,Ath Madrid,14,13,4,5,13,7,5,4,1,0,0,0,0,0,A
Celta,Ath Bilbao,9,5,3,0,17,19,2,5,3,2,0,0,0,0,H
Real Madrid,Sociedad,20,8,7,3,8,19,10,3,1,4,0,0,0,0,D
Villarreal,Vallecano,12,11,3,3,11,18,5,4,2,3,0,0,0,0,A
Betis,Barcelona,5,13,1,3,17,9,1,6,3,0,1,0,0,0,A
Real Madrid,Valencia,19,4,7,0,12,17,6,6,3,1,0,1,0,0,H
Ath Bilbao,Cadiz,17,15,9,3,14,12,0,3,2,1,1,0,3,1,H
Espanol,Osasuna,9,9,4,3,9,17,4,3,3,5,1,1,0,1,D
Elche,Villarreal,18,14,7,2,19,8,6,10,4,2,0,0,2,1,H
Ath Madrid,Getafe,12,9,4,1,11,18,8,0,3,5,0,0,0,0,D
Betis,Celta,15,9,7,7,11,13,5,5,2,3,1,0,2,2,A
Mallorca,Real Madrid,4,20,1,1,29,14,1,12,5,5,0,0,1,0,H
Girona,Valencia,20,8,8,4,11,10,8,4,1,4,0,0,0,0,H
Sociedad,Valladolid,15,7,4,2,17,14,0,4,4,5,0,0,0,0,A
Barcelona,Sevilla,16,3,7,1,8,10,8,3,0,2,0,0,0,0,H
Vallecano,Almeria,15,14,11,5,16,9,3,7,3,3,0,0,0,0,H
Cadiz,Girona,12,7,3,1,17,11,5,6,4,4,0,0,2,0,H
Almeria,Betis,16,12,9,7,12,10,8,2,2,3,0,0,1,2,A
Sevilla,Mallorca,15,6,6,0,9,14,8,2,5,2,0,0,2,0,H
Valencia,Ath Bilbao,18,11,8,3,11,17,7,1,2,2,0,0,1,1,A
Getafe,Vallecano,13,19,4,4,21,19,5,6,4,4,1,0,0,1,D
Celta,Ath Madrid,14,10,3,2,10,13,7,5,2,2,0,1,0,0,A
Valladolid,Osasuna,18,15,5,4,13,16,10,4,1,3,0,0,0,0,D
Villarreal,Barcelona,11,7,2,4,22,18,6,2,4,4,0,0,0,1,A
Espanol,Sociedad,10,11,6,5,9,17,4,3,4,1,1,0,0,1,A
Real Madrid,Elche,26,7,13,0,5,13,6,4,1,3,0,0,3,0,H
Girona,Almeria,14,16,8,4,10,8,1,7,1,1,0,0,4,0,H
Sociedad,Celta,9,18,3,4,14,12,3,7,3,5,0,1,1,0,D
Betis,Valladolid,16,17,10,3,18,15,4,6,3,5,0,0,2,1,H
Mallorca,Villarreal,13,8,5,4,19,8,4,4,5,0,0,1,2,1,H
Osasuna,Real Madrid,11,11,4,6,17,7,5,5,3,2,0,0,0,0,A
Elche,Espanol,19,11,5,4,11,12,10,5,2,3,1,0,0,0,A
Vallecano,Sevilla,18,7,5,2,15,6,7,3,4,1,0,0,0,1,D
Ath Madrid,Ath Bilbao,17,8,5,2,7,13,6,5,2,3,0,0,0,0,H
Barcelona,Cadiz,16,14,5,4,15,18,5,6,2,3,0,0,2,0,H
Getafe,Valencia,15,8,6,3,11,8,4,5,6,1,0,0,0,0,H
Elche,Betis,4,21,2,9,16,9,3,3,4,1,2,0,2,0,A
Espanol,Mallorca,9,15,3,4,15,18,0,4,2,2,0,0,1,1,H
Cadiz,Vallecano,5,11,3,2,19,19,4,6,3,4,0,1,0,0,H
Real Madrid,Ath Madrid,18,7,7,2,10,8,7,4,3,3,0,1,0,0,D
Valencia,Sociedad,8,11,3,3,13,12,7,8,6,3,0,0,1,0,H
Ath Bilbao,Girona,17,8,3,4,17,8,11,3,5,5,0,0,1,3,A
Celta,Valladolid,18,6,4,3,6,5,5,4,1,3,0,1,2,0,H
Almeria,Barcelona,7,14,4,1,13,11,4,7,3,3,0,0,1,0,H
Sevilla,Osasuna,22,11,8,4,10,15,10,2,4,2,1,0,0,1,A
Villarreal,Getafe,11,8,5,3,9,13,6,6,0,1,0,0,1,1,H
Sociedad,Cadiz,15,6,3,2,18,18,4,0,0,1,0,0,0,0,D
Getafe,Girona,10,9,6,7,24,11,3,3,5,4,0,0,3,0,H
Almeria,Villarreal,6,16,0,6,11,10,2,10,2,4,0,0,0,0,A
Mallorca,Elche,14,15,3,6,17,14,6,7,3,3,0,0,0,0,A
Ath Madrid,Sevilla,18,8,8,1,12,11,7,3,1,4,0,1,2,1,H
Valladolid,Espanol,15,12,5,2,4,11,9,6,3,2,0,0,1,0,H
Barcelona,Valencia,13,13,4,1,11,13,5,2,0,0,1,0,1,0,H
Vallecano,Ath Bilbao,18,16,2,3,9,17,7,9,1,0,0,1,0,0,D
Betis,Real Madrid,8,15,4,5,12,13,5,3,3,4,0,0,0,0,D
Osasuna,Celta,10,6,5,0,12,12,6,4,0,2,0,0,0,0,D
Cadiz,Getafe,11,16,4,10,13,16,2,6,4,5,1,1,1,0,D
Real Madrid,Espanol,22,10,7,3,12,17,7,4,3,2,0,0,2,1,H
Elche,Valladolid,24,5,10,1,19,11,10,3,4,6,0,2,0,1,D
Celta,Vallecano,15,12,6,3,13,12,3,7,2,3,0,0,0,0,H
Valencia,Osasuna,8,7,4,0,8,19,12,3,2,5,0,0,0,0,H
Mallorca,Sociedad,8,8,2,2,19,20,3,2,2,2,0,1,0,1,D
Sevilla,Almeria,27,13,5,5,8,11,6,4,4,4,0,0,1,1,H
Villarreal,Betis,15,6,4,3,8,11,2,4,3,2,0,0,0,1,D
Ath Bilbao,Barcelona,15,10,5,2,13,7,5,3,2,1,0,0,0,1,A
Girona,Ath Madrid,6,14,4,4,6,12,1,3,2,3,0,0,0,0,A
Valladolid,Ath Bilbao,15,15,3,6,9,14,2,9,2,2,0,0,0,1,A
Almeria,Cadiz,17,10,5,4,12,12,5,2,1,4,0,0,0,0,D
Vallecano,Girona,15,12,3,4,15,16,3,5,2,2,0,0,2,1,D
Espanol,Celta,11,8,3,4,11,12,4,1,2,2,0,0,0,2,A
Ath Madrid,Valencia,14,9,6,1,12,9,4,2,2,0,0,0,1,0,H
Betis,Mallorca,10,5,3,1,8,15,4,4,1,2,0,0,0,0,H
Osasuna,Villarreal,10,12,2,6,15,7,7,1,3,2,0,0,0,1,A
Sociedad,Elche,17,4,4,3,16,16,5,3,2,1,0,0,0,0,H
Getafe,Sevilla,15,11,4,4,22,10,4,1,4,2,0,0,0,0,H
Barcelona,Real Madrid,17,11,7,3,12,13,8,1,4,3,0,0,1,1,H
Mallorca,Osasuna,10,11,1,2,19,17,2,3,7,3,1,0,0,0,D
Girona,Espanol,14,5,4,1,12,16,5,2,4,2,0,1,0,0,H
Ath Bilbao,Getafe,17,9,3,1,8,9,13,3,0,0,0,0,0,0,D
Cadiz,Sevilla,14,11,3,5,9,14,8,4,3,4,0,0,0,0,A
Elche,Barcelona,15,12,2,6,11,11,11,3,0,3,0,0,0,1,A
Celta,Almeria,21,8,5,3,13,12,4,1,3,5,0,0,2,2,D
Real Madrid,Valladolid,30,12,17,2,17,11,9,1,0,1,0,0,4,0,H
Villarreal,Sociedad,16,16,4,3,12,19,4,4,5,3,1,0,0,0,H
Ath Madrid,Betis,13,6,7,2,20,11,5,1,1,2,0,0,0,0,H
Valencia,Vallecano,18,7,4,2,15,16,13,3,2,3,0,0,0,1,D
Sevilla,Celta,7,9,2,4,11,9,8,3,6,2,2,0,1,0,D
Osasuna,Elche,22,7,6,1,15,7,9,2,1,3,0,0,0,1,H
Espanol,Ath Bilbao,9,12,2,7,14,18,8,7,6,4,1,0,0,1,A
Sociedad,Getafe,11,6,6,4,11,9,3,2,2,1,0,0,1,0,H
Real Madrid,Villarreal,18,17,4,8,8,19,6,7,0,3,0,0,1,1,A
Valladolid,Mallorca,10,14,6,6,13,20,1,2,3,5,0,0,1,0,D
Betis,Cadiz,9,15,3,4,18,16,5,6,3,3,2,0,0,0,A
Almeria,Valencia,10,11,4,4,11,11,3,7,3,2,0,0,0,0,H
Vallecano,Ath Madrid,15,14,3,4,8,7,8,2,0,0,1,0,0,2,A
Barcelona,Girona,18,5,3,0,14,14,12,2,0,2,0,0,0,0,D
Vallecano,Osasuna,12,8,3,4,18,16,2,3,2,3,0,0,2,0,H
Villarreal,Valladolid,22,14,7,7,9,18,8,5,1,6,0,0,0,2,A
Ath Bilbao,Sociedad,13,13,5,4,16,14,5,2,5,2,0,0,1,0,H
Betis,Espanol,15,13,8,4,9,13,4,13,2,2,0,0,2,0,H
Cadiz,Real Madrid,12,35,3,11,12,7,2,9,1,0,0,0,0,0,A
Girona,Elche,14,13,4,5,9,14,3,4,3,3,0,1,1,0,H
Getafe,Barcelona,5,15,1,3,13,12,1,5,2,1,0,0,0,0,D
Ath Madrid,Almeria,19,2,7,0,7,8,9,2,3,3,0,0,2,1,H
Valencia,Sevilla,13,6,3,3,10,17,6,2,1,4,1,0,0,0,A
Celta,Mallorca,12,8,3,2,10,19,7,5,2,1,1,0,0,1,A
Espanol,Cadiz,14,11,5,2,8,22,6,3,4,2,0,0,0,0,D
Osasuna,Betis,10,21,5,6,20,13,5,13,2,0,0,0,3,1,H
Almeria,Ath Bilbao,12,14,4,3,8,20,3,4,2,4,0,0,0,1,A
Sociedad,Vallecano,7,7,1,2,18,19,3,3,1,2,0,0,0,0,H
Valladolid,Girona,15,12,6,6,14,9,5,7,1,1,0,0,1,0,H
Real Madrid,Celta,17,12,5,2,10,10,8,3,1,2,0,0,1,0,H
Elche,Valencia,7,5,1,3,12,6,11,6,3,1,0,0,0,2,A
Barcelona,Ath Madrid,13,13,4,3,15,16,3,3,4,7,0,0,1,0,H
Mallorca,Getafe,8,3,4,1,15,18,2,2,2,3,0,0,0,1,H
Sevilla,Villarreal,17,17,4,5,12,10,5,3,1,2,0,0,1,0,H
Cadiz,Osasuna,20,6,4,4,8,15,11,2,0,1,0,1,0,0,A
Girona,Real Madrid,13,18,5,3,7,6,3,8,1,2,0,0,2,1,H
Betis,Sociedad,10,10,1,3,13,23,2,4,1,3,0,0,0,0,D
Ath Madrid,Mallorca,24,6,9,2,10,9,5,8,0,0,0,0,1,1,H
Getafe,Almeria,21,23,9,11,15,9,4,6,2,2,1,0,0,1,A
Celta,Elche,17,16,9,1,9,12,10,6,0,0,0,0,0,0,H
Vallecano,Barcelona,9,10,6,5,10,14,3,9,1,4,0,0,1,0,H
Valencia,Valladolid,18,8,5,2,16,17,6,2,0,4,0,0,0,1,H
Villarreal,Espanol,31,13,13,4,14,10,9,2,2,4,0,1,0,1,H
Ath Bilbao,Sevilla,7,4,2,1,7,11,8,2,3,3,0,0,0,0,A
Osasuna,Sociedad,13,12,1,8,12,15,4,2,3,1,0,0,0,1,A
Elche,Vallecano,18,14,9,3,13,16,3,8,1,2,0,1,1,0,H
Real Madrid,Almeria,15,9,12,3,12,16,7,0,2,2,0,0,3,1,H
Barcelona,Betis,15,4,8,1,10,9,10,0,0,2,0,1,3,0,H
Cadiz,Valencia,8,16,4,4,14,10,5,6,6,2,0,0,1,0,H
Villarreal,Celta,9,14,3,5,12,11,4,9,1,4,0,0,2,1,H
Espanol,Getafe,17,7,8,2,12,23,6,3,3,5,0,0,1,0,H
Valladolid,Ath Madrid,19,9,6,6,14,8,9,1,2,1,0,0,1,3,A
Mallorca,Ath Bilbao,9,16,2,6,17,9,5,7,4,2,0,0,0,0,D
Sevilla,Girona,23,9,5,3,14,11,6,1,1,1,0,0,0,1,A
Almeria,Elche,10,14,4,1,8,9,7,13,2,2,0,0,1,0,H
Barcelona,Osasuna,21,7,4,2,7,10,11,0,0,0,0,1,0,0,H
Sociedad,Real Madrid,9,10,4,5,17,9,2,6,1,5,0,1,0,0,H
Valencia,Villarreal,8,11,1,4,14,13,6,6,4,2,0,0,0,0,D
Ath Madrid,Cadiz,18,2,8,1,12,9,5,2,3,2,0,0,2,0,H
Getafe,Celta,14,7,4,1,21,14,1,5,7,5,0,1,1,0,H
Girona,Mallorca,17,8,7,2,9,13,9,5,4,0,0,0,1,0,H
Sevilla,Espanol,18,7,6,3,15,11,9,0,1,2,0,0,1,2,H
Ath Bilbao,Betis,21,12,6,2,13,7,13,2,1,3,1,0,0,1,A
Vallecano,Valladolid,16,7,6,4,18,15,3,4,0,0,0,0,0,0,H
Mallorca,Cadiz,8,14,3,4,16,14,3,7,5,3,0,0,1,0,H
Sociedad,Girona,18,13,6,6,22,13,7,4,5,3,0,1,2,2,D
Osasuna,Almeria,18,8,7,3,7,7,4,1,0,0,0,0,0,0,H
Villarreal,Ath Bilbao,17,11,11,5,11,13,7,5,4,3,0,0,2,1,H
Real Madrid,Getafe,16,9,3,2,5,23,1,3,1,4,0,0,0,0,H
Celta,Valencia,10,12,6,5,13,19,5,4,3,5,0,1,0,1,A
Elche,Ath Madrid,15,13,4,4,16,3,3,5,2,0,0,0,1,0,H
Valladolid,Sevilla,28,17,6,5,9,16,8,3,2,1,0,0,0,0,A
Espanol,Barcelona,15,15,7,5,12,9,4,3,1,3,0,0,0,3,A
Betis,Vallecano,11,16,5,4,11,9,6,5,3,2,0,1,2,0,H
Cadiz,Valladolid,11,6,4,2,18,18,4,3,4,4,0,1,0,0,H
Girona,Villarreal,9,10,3,5,16,11,3,1,2,1,0,0,1,1,A
Ath Bilbao,Celta,10,8,3,3,17,12,8,5,4,1,0,0,1,0,H
Almeria,Mallorca,12,7,3,3,11,15,4,6,1,2,0,0,2,0,H
Getafe,Elche,9,13,5,4,19,11,5,6,3,1,0,0,1,1,D
Barcelona,Sociedad,13,13,4,6,8,16,8,2,4,4,0,0,0,1,A
Vallecano,Espanol,15,10,5,6,8,11,4,4,2,2,0,0,1,1,A
Ath Madrid,Osasuna,15,12,5,2,6,11,8,10,0,2,0,0,1,0,H
Valencia,Real Madrid,12,13,6,5,13,4,2,9,4,2,0,1,1,0,H
Sevilla,Betis,10,5,4,0,14,11,4,3,2,2,0,1,0,0,D
Celta,Girona,16,11,7,4,13,13,9,3,0,0,0,0,1,0,D
Sociedad,Almeria,15,2,2,2,20,8,10,2,0,1,0,1,1,0,H
Valladolid,Barcelona,8,16,4,6,13,9,2,6,1,0,0,0,2,0,H
Elche,Sevilla,20,9,7,3,12,10,9,5,1,4,0,1,1,1,D
Real Madrid,Vallecano,12,15,3,6,11,14,5,2,1,3,0,0,1,0,H
Villarreal,Cadiz,13,16,7,8,14,8,7,6,1,2,0,0,2,0,H
Betis,Getafe,11,9,4,2,8,12,2,5,2,5,1,0,0,0,A
Espanol,Ath Madrid,26,16,13,7,6,9,16,1,2,3,0,0,0,2,D
Mallorca,Valencia,4,15,3,5,15,12,2,4,4,2,0,0,0,0,H
Osasuna,Ath Bilbao,9,10,3,5,17,13,3,6,3,3,0,0,0,0,H
Sevilla,Real Madrid,11,6,1,3,23,10,1,1,2,4,1,0,1,1,A
Almeria,Valladolid,23,8,7,2,11,16,2,4,0,4,0,0,0,0,D
Ath Bilbao,Elche,27,6,8,2,7,10,19,3,1,1,0,0,0,0,A
Ath Madrid,Sociedad,11,10,5,5,8,10,6,4,2,2,0,0,1,0,H
Barcelona,Mallorca,28,3,9,1,4,9,14,3,0,0,0,1,2,0,H
Cadiz,Celta,13,9,3,4,16,10,3,3,9,5,0,0,0,0,H
Getafe,Osasuna,16,10,6,2,11,6,1,1,3,1,0,0,1,1,H
Girona,Betis,9,18,3,7,14,12,8,5,0,1,0,0,1,0,A
Valencia,Espanol,19,9,4,5,12,12,10,3,0,4,0,0,1,1,D
Vallecano,Villarreal,15,7,4,2,9,9,4,6,3,5,0,0,0,0,H
Mallorca,Vallecano,8,20,4,4,14,15,2,6,0,0,0,0,0,0,H
Osasuna,Girona,14,11,7,6,12,9,5,2,1,5,0,0,0,0,H
Real Madrid,Ath Bilbao,9,15,2,9,11,14,5,6,2,2,0,0,0,0,D
Sociedad,Sevilla,17,9,6,4,10,13,5,2,0,1,0,0,1,0,H
Villarreal,Ath Madrid,22,9,7,3,9,12,12,1,3,2,0,1,1,1,D
Betis,Valencia,8,10,3,3,11,11,5,4,3,0,0,1,1,0,D
Celta,Barcelona,12,9,9,2,13,9,2,4,2,2,0,0,1,0,H
Elche,Cadiz,12,14,5,3,18,8,7,4,4,3,0,0,0,1,D
Espanol,Almeria,12,11,8,4,11,12,7,6,2,3,0,0,1,1,D
Valladolid,Getafe,15,4,0,1,9,25,6,1,1,3,0,0,0,0,D
Valencia,Getafe,4,22,2,4,24,15,1,9,6,3,1,1,1,0,H
Cadiz,Levante,7,12,2,3,10,16,2,4,1,5,0,0,0,1,D
Mallorca,Betis,6,10,2,1,12,18,4,3,1,3,0,0,1,0,D
Alaves,Real Madrid,11,19,4,7,14,10,0,4,1,2,0,0,0,0,A
Osasuna,Espanol,14,10,1,3,18,12,4,6,3,3,0,0,0,0,D
Celta,Ath Madrid,10,13,2,4,11,9,2,5,4,5,1,1,0,1,A
Barcelona,Sociedad,13,11,8,3,11,18,5,3,2,4,0,0,2,0,H
Sevilla,Vallecano,21,4,8,3,14,7,4,0,1,0,0,1,1,0,H
Villarreal,Granada,14,6,4,1,19,21,6,2,5,1,1,0,0,0,D
Elche,Ath Bilbao,8,9,2,3,13,19,6,8,2,2,0,0,0,0,D
Betis,Cadiz,16,8,7,3,12,10,4,5,4,0,0,0,1,1,D
Alaves,Mallorca,9,12,4,2,14,15,1,8,3,3,1,0,0,0,A
Espanol,Villarreal,14,12,3,2,10,10,9,7,3,4,0,0,0,0,D
Granada,Valencia,9,18,2,7,14,12,2,6,4,2,0,0,1,0,D
Ath Bilbao,Barcelona,16,9,7,3,15,10,13,2,1,2,0,1,0,0,D
Sociedad,Vallecano,13,9,8,1,19,15,5,4,3,4,0,0,0,0,H
Ath Madrid,Elche,8,4,4,2,16,10,2,1,2,2,0,0,1,0,H
Levante,Real Madrid,8,19,4,5,17,7,4,6,3,2,1,0,0,1,D
Getafe,Sevilla,12,9,0,3,18,10,5,4,2,2,0,0,0,0,A
Osasuna,Celta,15,4,7,0,19,8,1,2,4,3,0,0,0,0,D
Mallorca,Espanol,12,8,6,3,16,17,3,2,4,3,0,1,1,0,H
Valencia,Alaves,9,10,4,3,20,15,4,4,1,4,0,0,2,0,H
Celta,Ath Bilbao,13,6,0,2,12,11,5,4,2,1,0,0,0,1,A
Elche,Sevilla,7,18,4,5,6,9,5,3,2,0,0,0,1,1,D
Sociedad,Levante,7,6,2,0,17,13,2,2,1,1,0,0,1,0,H
Betis,Real Madrid,11,13,6,3,15,13,3,7,5,3,0,0,0,0,A
Barcelona,Getafe,7,8,3,3,16,22,3,2,3,1,0,0,2,1,H
Cadiz,Osasuna,7,14,3,4,9,6,4,11,4,0,0,0,1,0,A
Vallecano,Granada,19,9,6,3,19,14,5,6,1,4,0,0,3,0,H
Ath Madrid,Villarreal,24,2,5,2,11,6,16,0,4,2,0,0,0,0,D
Levante,Vallecano,7,22,2,6,14,16,2,5,3,4,0,0,1,0,D
Ath Bilbao,Mallorca,19,7,5,1,7,13,7,2,1,2,0,0,0,0,H
Espanol,Ath Madrid,9,13,3,3,10,11,6,3,1,4,0,0,1,0,A
Osasuna,Valencia,11,10,2,4,20,14,4,4,4,2,0,0,1,1,A
Cadiz,Sociedad,6,16,1,4,10,9,2,8,4,0,1,0,0,0,A
Real Madrid,Celta,15,11,11,4,8,16,7,3,2,3,0,0,1,2,H
Getafe,Elche,10,8,1,3,6,14,8,2,2,3,0,0,0,0,A
Granada,Betis,11,19,2,9,7,14,6,8,1,2,0,0,0,1,A
Celta,Cadiz,14,7,4,3,8,8,7,1,3,3,0,0,0,2,A
Vallecano,Getafe,11,13,5,3,20,16,5,3,6,7,0,0,1,0,H
Ath Madrid,Ath Bilbao,14,6,2,0,10,13,5,5,6,2,1,0,0,0,D
Elche,Levante,9,11,2,6,10,14,4,7,2,2,0,0,1,0,D
Alaves,Osasuna,8,13,3,5,11,14,2,8,4,3,0,0,0,2,A
Mallorca,Villarreal,10,11,1,3,11,16,3,1,2,3,0,0,0,0,D
Sociedad,Sevilla,11,11,4,4,16,11,5,6,2,3,0,0,0,0,D
Betis,Espanol,23,11,9,4,13,9,10,4,4,4,1,0,2,1,D
Valencia,Real Madrid,12,18,4,10,14,14,2,5,1,5,0,0,0,0,A
Barcelona,Granada,17,5,6,2,15,20,12,4,3,6,0,0,0,1,D
Getafe,Ath Madrid,7,12,2,4,15,11,2,5,4,5,1,0,1,0,A
Ath Bilbao,Vallecano,8,8,1,3,16,20,2,1,3,3,0,0,1,1,A
Levante,Celta,6,4,2,2,16,12,2,4,3,2,0,0,0,0,A
Espanol,Alaves,10,8,2,2,14,18,4,8,2,1,0,0,0,0,H
Sevilla,Valencia,11,8,5,3,25,21,1,4,5,3,0,0,3,1,H
Real Madrid,Mallorca,18,17,12,5,18,8,3,2,2,1,0,0,3,1,H
Villarreal,Elche,14,9,9,3,16,11,8,7,1,2,0,0,2,1,H
Granada,Sociedad,10,20,2,11,11,16,4,7,5,1,0,0,1,0,A
Osasuna,Betis,11,16,3,9,18,10,4,7,2,0,0,0,1,1,A
Cadiz,Barcelona,13,6,3,2,16,8,4,5,3,4,0,1,0,0,D
Alaves,Ath Madrid,7,13,1,1,18,11,3,8,2,3,0,0,1,0,H
Valencia,Ath Bilbao,13,12,6,4,14,17,4,5,5,2,1,0,0,0,D
Sevilla,Espanol,12,13,5,2,10,8,4,8,4,0,1,0,1,0,H
Real Madrid,Villarreal,15,6,2,2,10,12,6,3,1,2,0,0,0,0,D
Mallorca,Osasuna,17,12,8,6,8,17,5,5,2,3,0,0,2,1,A
Barcelona,Levante,20,6,12,2,11,16,11,1,1,3,0,0,2,0,H
Sociedad,Elche,17,5,5,2,12,16,6,1,1,3,0,0,0,0,H
Vallecano,Cadiz,13,6,6,1,11,11,4,3,2,4,0,0,2,1,H
Betis,Getafe,20,8,5,3,12,19,3,3,1,3,0,0,1,0,H
Celta,Granada,14,7,5,4,9,12,5,3,2,7,0,0,0,0,H
Ath Bilbao,Alaves,16,17,5,5,16,12,13,9,3,2,0,0,1,0,H
Osasuna,Vallecano,7,7,3,0,19,9,6,3,3,3,0,0,0,0,H
Mallorca,Levante,9,6,7,2,18,25,8,3,4,4,0,0,0,0,H
Cadiz,Valencia,2,16,1,4,16,11,1,3,3,4,0,0,0,0,D
Ath Madrid,Barcelona,6,9,3,2,13,10,2,6,2,1,0,0,2,0,H
Elche,Celta,12,10,5,1,14,19,7,4,4,3,0,0,0,0,H
Espanol,Real Madrid,8,18,4,4,12,13,2,8,2,1,0,0,1,0,H
Getafe,Sociedad,9,10,2,5,16,11,2,5,4,2,0,0,1,0,D
Villarreal,Betis,11,10,5,3,14,9,4,6,2,4,0,0,1,0,H
Granada,Sevilla,3,14,1,3,13,11,2,6,3,4,0,1,1,0,H
Levante,Getafe,6,14,2,4,14,10,3,11,3,3,0,0,0,0,D
Sociedad,Mallorca,10,7,2,1,11,21,2,6,3,3,1,0,0,0,H
Vallecano,Elche,10,7,4,3,16,11,6,2,2,2,0,0,1,1,H
Celta,Sevilla,14,8,3,2,13,9,5,4,2,3,0,0,0,0,A
Villarreal,Osasuna,11,6,6,2,6,14,4,4,1,5,0,0,0,1,A
Barcelona,Valencia,12,9,5,3,16,13,9,3,2,3,0,0,2,1,H
Alaves,Betis,14,19,2,4,8,11,7,7,1,1,0,0,0,0,A
Espanol,Cadiz,14,13,6,2,8,10,7,9,1,0,0,0,1,0,H
Osasuna,Granada,17,9,6,4,15,11,4,1,1,3,1,0,1,0,D
Valencia,Mallorca,20,9,6,4,15,19,5,0,4,5,0,2,0,2,D
Cadiz,Alaves,23,8,4,4,11,14,14,3,0,2,0,0,0,1,A
Elche,Espanol,12,20,7,7,15,9,3,7,3,1,0,0,1,0,D
Ath Bilbao,Villarreal,14,11,7,3,7,12,9,2,0,3,0,0,1,1,H
Sevilla,Levante,18,12,11,7,13,6,10,3,1,2,0,0,3,1,H
Barcelona,Real Madrid,12,10,2,5,17,13,7,4,1,1,0,0,0,1,A
Betis,Vallecano,11,14,5,3,12,12,4,4,1,2,0,0,2,1,H
Ath Madrid,Sociedad,17,8,4,4,14,14,4,3,1,3,0,0,0,1,D
Getafe,Celta,11,16,2,8,15,11,2,7,2,2,2,0,0,0,A
Alaves,Elche,16,4,5,1,13,9,4,7,1,1,0,0,0,0,H
Espanol,Ath Bilbao,14,23,3,7,7,12,8,12,1,2,1,0,1,0,D
Villarreal,Cadiz,14,9,5,4,13,9,8,2,3,6,0,0,1,2,D
Mallorca,Sevilla,11,10,4,3,16,14,4,2,3,6,1,0,1,0,D
Vallecano,Barcelona,13,16,3,1,17,12,3,7,2,2,0,0,1,0,H
Betis,Valencia,14,10,9,4,14,19,4,7,2,5,0,0,2,1,H
Real Madrid,Osasuna,17,7,3,0,12,10,11,3,1,1,0,0,0,0,D
Celta,Sociedad,14,11,6,4,12,11,7,6,1,0,0,0,0,0,A
Granada,Getafe,18,6,3,4,10,15,5,0,1,4,0,0,0,1,D
Levante,Ath Madrid,10,7,3,3,15,11,5,2,3,5,1,0,1,1,D
Elche,Real Madrid,13,17,4,5,11,13,5,4,2,0,1,0,0,1,A
Sevilla,Osasuna,16,10,4,3,17,10,4,5,2,2,0,0,1,0,H
Valencia,Villarreal,9,11,3,1,19,17,7,6,2,4,0,0,1,0,H
Barcelona,Alaves,16,3,5,2,11,11,9,0,0,2,0,0,0,0,D
Cadiz,Mallorca,13,11,2,5,14,16,6,5,3,7,0,2,0,1,D
Ath Madrid,Betis,18,8,9,1,11,12,13,0,0,0,0,0,1,0,H
Getafe,Espanol,12,10,7,3,18,11,6,11,7,4,0,0,1,1,H
Sociedad,Ath Bilbao,8,11,3,5,21,14,2,7,4,3,0,1,0,0,D
Vallecano,Celta,11,10,5,4,13,14,4,7,2,5,0,0,0,0,D
Levante,Granada,12,12,3,6,14,13,3,5,4,2,0,0,0,2,A
Ath Bilbao,Cadiz,15,8,5,4,14,19,5,1,2,1,0,0,0,1,A
Espanol,Granada,17,18,6,5,12,8,5,3,1,1,0,0,2,0,H
Celta,Barcelona,18,10,4,6,18,18,3,1,3,6,0,0,0,3,D
Alaves,Levante,10,12,3,7,21,17,1,3,3,3,0,0,0,1,H
Real Madrid,Vallecano,15,19,7,7,8,14,4,5,1,2,0,0,2,0,H
Villarreal,Getafe,10,5,4,2,12,13,6,4,1,1,0,0,1,0,H
Valencia,Ath Madrid,11,13,5,7,12,17,9,0,2,2,0,0,0,1,D
Mallorca,Elche,18,7,6,2,11,19,3,3,2,3,0,0,0,0,D
Osasuna,Sociedad,6,9,2,4,11,12,5,2,0,2,0,0,0,0,A
Betis,Sevilla,8,11,1,2,12,13,2,1,3,1,1,0,0,0,A
Levante,Ath Bilbao,15,7,2,2,16,7,6,3,2,1,0,0,0,0,D
Celta,Villarreal,12,18,3,6,14,17,3,5,1,1,0,0,0,1,D
Sevilla,Alaves,16,8,6,3,14,17,5,2,4,4,0,0,1,2,D
Ath Madrid,Osasuna,15,9,2,3,7,8,7,4,2,2,0,0,0,0,H
Barcelona,Espanol,16,12,6,2,17,9,4,4,4,2,0,0,0,0,H
Getafe,Cadiz,17,10,8,2,14,7,3,7,2,4,0,0,1,0,H
Granada,Real Madrid,11,21,3,10,10,7,9,6,1,1,1,0,1,2,A
Elche,Betis,14,9,4,4,12,14,10,1,1,2,0,1,0,3,A
Sociedad,Valencia,9,8,2,3,11,16,2,4,4,7,1,0,0,0,D
Vallecano,Mallorca,15,11,6,5,14,17,6,4,3,2,0,0,2,0,H
Ath Bilbao,Granada,17,8,5,4,12,9,8,3,1,1,1,0,1,2,D
Alaves,Celta,13,8,5,5,12,15,5,3,3,2,0,0,1,1,A
Valencia,Vallecano,8,12,4,6,18,15,3,9,6,5,0,0,1,0,D
Mallorca,Getafe,12,11,2,0,8,19,2,0,3,0,0,0,0,0,D
Villarreal,Barcelona,14,12,2,6,19,14,4,4,2,2,0,0,0,0,A
Betis,Levante,26,8,8,2,16,9,5,8,2,3,0,0,0,1,H
Espanol,Sociedad,8,10,2,4,15,7,2,9,1,1,0,0,0,0,H
Cadiz,Ath Madrid,8,17,0,7,13,11,4,8,2,0,0,0,0,0,A
Real Madrid,Sevilla,14,11,4,6,10,9,0,4,3,3,0,0,1,1,H
Osasuna,Elche,17,10,4,4,16,12,5,4,1,3,0,0,1,1,D
Real Madrid,Ath Bilbao,17,18,7,2,12,13,7,6,2,3,0,0,1,0,H
Granada,Alaves,9,14,2,2,17,15,3,5,2,2,0,0,1,0,H
Sevilla,Villarreal,8,16,3,2,9,10,5,8,2,2,0,0,1,0,H
Barcelona,Betis,12,8,3,2,17,12,6,1,1,2,0,0,0,0,A
Ath Madrid,Mallorca,14,10,6,3,13,16,8,5,2,5,0,0,0,0,A
Sociedad,Real Madrid,11,13,0,8,12,8,5,5,2,0,0,0,0,0,A
Vallecano,Espanol,7,10,0,3,18,11,6,3,3,3,0,1,0,0,H
Elche,Cadiz,8,15,3,6,16,15,3,3,7,3,0,0,1,0,H
Levante,Osasuna,11,11,3,1,12,16,7,2,2,3,0,0,0,0,D
Celta,Valencia,11,8,5,5,10,22,6,4,3,2,0,0,1,1,A
Getafe,Ath Bilbao,17,9,5,3,14,14,5,3,2,1,0,0,0,0,D
Mallorca,Celta,12,14,1,5,14,11,7,4,3,2,0,0,0,0,D
Espanol,Levante,17,14,8,5,9,15,4,2,4,4,0,1,1,2,H
Alaves,Getafe,9,11,1,2,18,15,1,1,4,4,1,0,0,1,D
Valencia,Elche,21,8,8,4,15,12,8,1,3,2,0,0,1,0,H
Ath Bilbao,Sevilla,13,6,2,1,17,10,9,2,4,3,0,0,0,1,A
Villarreal,Vallecano,13,19,5,7,16,14,5,6,1,3,0,0,2,0,H
Osasuna,Barcelona,8,10,3,2,16,16,6,5,5,4,0,0,1,1,D
Betis,Sociedad,11,15,5,5,12,10,4,7,3,1,0,0,1,0,H
Real Madrid,Ath Madrid,7,9,3,6,17,15,3,6,2,3,0,0,1,0,H
Cadiz,Granada,13,16,3,5,14,10,8,1,5,0,1,0,1,0,D
Celta,Espanol,12,6,5,3,13,5,3,3,2,1,0,0,1,0,H
Vallecano,Alaves,20,6,5,4,12,19,5,5,1,2,0,0,2,0,H
Sociedad,Villarreal,8,15,4,8,9,15,5,5,2,3,1,0,1,1,A
Barcelona,Elche,19,5,8,3,13,17,5,0,1,3,0,0,2,0,H
Sevilla,Ath Madrid,6,15,2,3,15,14,4,7,2,1,0,0,1,1,H
Granada,Mallorca,15,8,6,5,12,15,4,2,3,2,0,0,1,1,H
Ath Bilbao,Betis,9,16,6,8,7,12,5,6,1,3,0,0,1,1,H
Getafe,Osasuna,18,11,4,2,14,8,4,3,3,1,0,0,0,0,H
Real Madrid,Cadiz,36,4,9,0,9,10,13,2,1,1,0,0,0,0,D
Levante,Valencia,15,15,9,8,21,11,6,4,3,4,0,0,2,1,A
Villarreal,Alaves,24,4,10,2,16,14,6,2,0,2,0,0,2,1,H
Sevilla,Barcelona,5,23,1,7,15,13,4,9,2,3,1,0,1,1,D
Granada,Ath Madrid,6,15,4,3,17,7,2,7,4,1,0,0,1,1,H
Ath Bilbao,Real Madrid,15,12,2,7,17,7,7,0,2,2,0,0,1,2,A
Valencia,Espanol,12,15,2,4,19,14,7,5,7,3,1,0,0,0,A
Getafe,Real Madrid,6,14,3,4,20,8,2,9,3,2,0,0,1,0,H
Ath Madrid,Vallecano,15,5,5,0,14,12,8,2,3,0,0,0,1,0,H
Elche,Granada,18,10,2,5,18,15,6,3,3,3,1,0,0,0,D
Alaves,Sociedad,19,10,5,4,22,10,2,3,3,3,0,0,0,1,D
Betis,Celta,18,7,7,5,15,11,3,3,1,2,0,0,0,2,A
Mallorca,Barcelona,13,13,3,4,22,24,4,3,5,2,0,0,0,1,A
Villarreal,Levante,17,7,7,3,12,9,6,5,3,2,0,0,3,0,H
Osasuna,Ath Bilbao,15,17,4,5,12,7,4,5,5,2,1,0,1,2,A
Cadiz,Sevilla,9,14,2,4,5,9,2,8,0,1,0,0,0,0,A
Levante,Mallorca,16,15,8,8,20,11,5,5,3,1,1,0,0,0,H
Sociedad,Celta,12,4,3,0,10,18,6,4,3,3,0,0,1,0,H
Granada,Barcelona,14,13,4,1,9,21,3,2,2,5,0,1,0,0,D
Real Madrid,Valencia,23,12,8,7,15,24,3,8,3,3,0,0,1,0,H
Vallecano,Betis,17,9,7,5,18,13,6,4,1,3,0,1,0,1,D
Sevilla,Getafe,10,4,1,2,8,20,5,2,1,3,0,0,1,0,H
Alaves,Ath Bilbao,12,10,1,2,15,11,7,5,2,0,0,0,0,0,D
Osasuna,Cadiz,15,6,5,1,13,13,5,7,2,2,0,0,1,0,H
Villarreal,Ath Madrid,13,7,3,5,13,8,7,3,0,2,0,1,1,1,D
Espanol,Elche,8,3,3,2,13,18,13,0,4,6,0,0,1,2,A
Elche,Villarreal,5,9,2,4,12,15,3,8,4,3,0,0,0,0,H
Betis,Alaves,18,9,5,2,14,14,8,3,2,0,0,0,3,0,H
Cadiz,Espanol,10,14,4,7,14,9,3,2,5,1,0,0,0,1,D
Celta,Osasuna,5,9,3,0,14,11,0,5,1,2,0,0,2,0,H
Valencia,Sevilla,10,12,2,3,22,14,4,4,3,3,1,0,1,1,D
Getafe,Granada,12,7,4,4,15,10,4,8,3,4,0,0,1,1,H
Espanol,Betis,12,15,4,8,15,12,6,5,3,4,1,0,1,2,A
Levante,Cadiz,15,8,8,2,15,16,8,2,4,6,0,0,0,1,A
Villarreal,Mallorca,12,8,6,2,13,12,10,6,1,2,0,1,2,0,H
Sevilla,Celta,16,6,5,4,11,16,7,0,1,4,0,0,0,2,D
Ath Madrid,Valencia,16,7,6,3,13,22,5,4,5,6,0,0,0,2,H
Granada,Osasuna,6,16,2,7,12,15,4,3,0,2,0,0,0,0,A
Real Madrid,Elche,23,3,8,2,11,14,10,3,3,1,0,0,0,1,D
Sociedad,Getafe,9,9,3,2,17,13,7,2,1,1,0,0,0,0,D
Vallecano,Ath Bilbao,29,9,3,3,8,20,9,7,1,6,0,0,0,1,A
Alaves,Barcelona,6,10,2,4,16,8,1,10,0,0,0,0,0,0,A
Getafe,Levante,14,11,8,2,12,13,2,8,4,3,0,0,2,0,H
Elche,Alaves,14,6,4,2,15,11,7,3,1,1,0,0,0,1,H
Mallorca,Cadiz,17,12,5,5,14,15,6,4,2,4,0,0,1,1,H
Celta,Vallecano,13,11,3,0,17,17,7,2,0,2,0,0,1,0,H
Osasuna,Sevilla,9,9,3,4,13,7,1,1,1,1,0,0,0,0,D
Valencia,Sociedad,14,8,3,2,17,14,9,9,4,2,0,0,0,0,D
Barcelona,Ath Madrid,9,10,4,4,15,13,3,5,2,2,1,0,3,1,H
Betis,Villarreal,9,9,3,3,19,14,6,6,2,3,0,0,0,1,A
Real Madrid,Granada,24,7,11,3,9,11,9,2,2,1,0,0,0,0,H
Ath Bilbao,Espanol,7,7,4,3,17,11,5,3,3,3,0,0,2,1,H
Sevilla,Elche,14,7,6,1,13,14,5,4,1,5,0,0,0,0,H
Cadiz,Celta,8,6,2,1,12,19,3,3,3,2,0,0,0,0,D
Villarreal,Real Madrid,9,17,2,6,11,10,3,3,2,4,0,0,0,0,D
Vallecano,Osasuna,10,12,3,5,11,16,4,5,2,1,0,0,0,2,A
Ath Madrid,Getafe,11,10,7,4,18,17,5,4,3,4,1,0,3,3,H
Alaves,Valencia,9,9,5,4,15,17,5,9,4,3,0,0,1,0,H
Levante,Betis,12,19,4,11,13,8,5,7,1,2,1,0,1,3,A
Sociedad,Granada,18,15,8,2,13,13,6,5,0,2,0,0,1,0,H
Espanol,Barcelona,10,12,4,4,14,13,3,5,5,4,1,1,1,1,D
Mallorca,Ath Bilbao,16,7,5,2,22,15,6,6,6,4,0,0,2,0,H
Ath Madrid,Levante,10,8,1,5,9,19,5,3,3,4,0,0,0,0,A
Elche,Vallecano,9,13,5,2,18,15,2,3,2,4,0,0,0,0,H
Granada,Villarreal,20,15,5,7,15,10,9,2,3,6,0,0,0,2,A
Osasuna,Ath Madrid,14,5,4,4,12,19,4,2,1,2,0,0,0,1,A
Cadiz,Getafe,9,6,2,1,17,11,7,2,3,4,0,0,1,1,D
Real Madrid,Alaves,22,7,9,2,6,11,7,1,1,1,0,0,0,0,H
Espanol,Sevilla,11,7,4,2,14,14,3,7,4,5,0,1,0,1,D
Valencia,Barcelona,11,6,5,6,22,16,8,3,3,4,0,0,0,3,A
Betis,Mallorca,14,10,5,1,13,17,4,7,3,2,0,0,1,0,H
Ath Bilbao,Sociedad,18,9,8,2,9,9,6,4,4,1,0,0,0,0,H
Celta,Levante,8,13,4,3,15,16,2,5,3,5,0,0,0,0,D
Levante,Elche,11,8,4,3,17,8,3,3,1,2,0,1,1,0,H
Mallorca,Valencia,23,8,3,4,14,21,14,1,4,6,0,1,0,1,A
Getafe,Alaves,12,7,3,3,7,24,6,1,2,4,1,0,0,1,D
Vallecano,Real Madrid,19,13,5,6,20,5,5,9,5,3,0,0,0,0,A
Ath Madrid,Celta,13,16,6,2,10,7,5,9,4,3,0,0,1,0,H
Villarreal,Espanol,19,7,11,2,11,12,10,3,2,1,0,0,3,0,H
Sevilla,Betis,12,10,3,2,13,16,4,4,6,3,0,0,2,0,H
Sociedad,Osasuna,11,11,5,1,10,9,6,5,0,4,0,0,0,0,H
Barcelona,Ath Bilbao,17,6,7,3,8,10,5,0,2,1,0,0,1,0,H
Granada,Cadiz,6,12,1,4,12,17,0,4,3,3,1,0,0,0,D
Mallorca,Sociedad,13,13,1,3,12,9,3,4,0,2,0,0,0,1,A
Alaves,Sevilla,14,13,2,4,16,8,5,5,3,1,0,0,0,0,D
Osasuna,Villarreal,12,10,3,1,12,6,6,8,1,0,0,0,0,0,H
Espanol,Getafe,4,12,1,3,17,15,1,5,6,5,0,0,2,0,H
Valencia,Granada,12,7,4,0,14,13,3,6,3,3,0,0,0,0,H
Real Madrid,Sociedad,18,1,8,1,12,14,7,1,0,2,0,0,2,1,H
Cadiz,Vallecano,13,14,7,3,23,15,5,6,5,3,0,0,0,0,H
Elche,Barcelona,13,20,3,9,10,8,5,6,2,6,1,0,1,0,A
Celta,Mallorca,16,12,8,3,17,9,4,5,5,4,1,0,2,1,H
Betis,Ath Madrid,18,8,6,6,16,10,10,3,5,3,0,0,1,1,A
Ath Bilbao,Levante,17,5,9,2,6,14,4,3,1,2,0,0,0,0,H
Ath Madrid,Cadiz,6,14,5,3,23,14,0,4,4,1,1,0,1,1,H
Levante,Espanol,14,6,3,1,17,10,8,2,4,4,0,0,0,0,D
Granada,Elche,15,13,4,2,15,16,3,3,3,6,0,0,0,1,A
Villarreal,Celta,10,12,3,2,12,14,5,6,1,1,0,0,0,0,H
Getafe,Valencia,16,6,6,0,18,21,5,3,6,5,0,0,0,0,D
Vallecano,Sevilla,10,3,2,2,16,15,5,6,0,1,0,0,0,0,D
Betis,Ath Bilbao,8,11,5,2,17,12,5,6,4,5,1,0,1,0,H
Sociedad,Alaves,15,13,6,4,15,12,6,4,1,1,0,0,0,0,H
Barcelona,Osasuna,24,4,9,3,7,4,5,1,0,4,0,0,3,0,H
Mallorca,Real Madrid,14,11,3,5,13,15,1,6,3,3,0,0,0,0,A
Ath Bilbao,Getafe,22,7,11,2,15,13,8,2,4,5,0,2,1,1,D
Alaves,Granada,11,12,6,3,12,10,6,2,4,6,0,1,0,0,A
Elche,Valencia,8,8,2,3,19,14,4,2,3,3,1,0,0,0,A
Osasuna,Levante,20,13,7,4,9,17,6,1,0,1,0,0,1,0,H
Vallecano,Ath Madrid,15,11,3,3,15,12,3,6,0,0,0,1,0,0,A
Espanol,Mallorca,12,9,3,3,14,12,6,6,3,3,0,0,1,0,H
Cadiz,Villarreal,16,3,7,1,11,11,6,3,3,2,0,0,0,0,H
Celta,Betis,9,7,3,1,12,12,2,2,1,2,0,0,0,0,D
Sevilla,Sociedad,10,13,0,2,12,13,7,3,0,3,0,0,0,0,D
Real Madrid,Barcelona,14,18,4,10,9,12,4,3,4,4,0,0,0,2,A
Getafe,Mallorca,16,7,3,1,15,22,5,1,5,6,0,1,0,0,H
Levante,Villarreal,13,13,4,2,16,13,1,8,4,2,0,0,0,0,H
Celta,Real Madrid,10,12,4,6,16,12,9,3,3,0,0,0,0,1,A
Ath Madrid,Alaves,14,7,8,1,10,13,8,2,1,0,0,0,1,0,H
Ath Bilbao,Elche,16,6,6,2,14,16,7,4,2,4,0,0,1,0,H
Betis,Osasuna,24,10,8,3,11,5,11,7,1,3,0,0,2,0,H
Granada,Vallecano,17,10,9,4,14,14,5,4,4,5,0,1,0,2,D
Valencia,Cadiz,5,4,1,3,11,18,4,3,3,6,0,1,0,0,D
Barcelona,Sevilla,19,8,6,3,12,8,9,2,3,3,0,0,0,0,H
Sociedad,Espanol,17,8,6,2,17,13,6,0,2,4,0,0,0,0,H
Sevilla,Granada,16,15,8,5,7,7,14,3,2,2,0,0,1,1,H
Cadiz,Betis,10,10,4,3,18,10,8,4,1,2,0,0,0,0,A
Mallorca,Ath Madrid,10,9,3,1,14,11,1,6,1,4,0,0,0,0,H
Villarreal,Ath Bilbao,11,12,5,6,17,15,7,2,2,3,0,0,0,1,D
Real Madrid,Getafe,26,8,8,0,13,11,10,2,2,2,0,0,1,0,H
Osasuna,Alaves,15,8,4,2,12,6,7,3,3,1,0,0,0,0,H
Espanol,Celta,11,10,2,5,12,21,2,3,4,1,0,0,0,0,H
Elche,Sociedad,10,17,1,6,15,12,8,9,3,3,0,0,1,2,A
Levante,Barcelona,11,14,6,7,8,7,4,3,1,1,0,0,0,0,A
Vallecano,Valencia,11,6,4,2,13,17,5,4,3,4,0,0,0,0,D
Sociedad,Betis,9,9,2,2,17,7,8,1,4,4,1,0,0,0,D
Elche,Mallorca,6,13,2,2,17,13,2,1,2,3,0,0,1,0,H
Alaves,Vallecano,11,20,5,3,10,9,2,12,2,3,0,1,0,0,H
Valencia,Osasuna,11,9,4,3,11,22,9,5,1,2,0,0,0,0,A
Getafe,Villarreal,12,11,5,6,17,6,6,6,2,0,0,0,0,2,A
Granada,Levante,16,17,4,8,10,9,13,2,5,2,1,0,0,1,A
Ath Madrid,Espanol,10,11,3,5,18,12,6,3,5,5,1,0,0,0,H
Ath Bilbao,Celta,10,6,2,4,13,15,5,4,2,2,0,0,0,2,A
Sevilla,Real Madrid,7,15,2,6,11,9,0,3,3,4,0,0,2,0,A
Barcelona,Cadiz,18,6,6,4,16,9,8,1,4,1,0,0,0,0,A
Mallorca,Alaves,5,12,3,4,25,15,0,6,2,6,0,0,2,0,H
Betis,Elche,18,9,3,1,9,14,2,3,2,3,1,0,0,0,A
Villarreal,Valencia,12,5,5,1,14,12,3,2,2,3,0,0,2,0,H
Ath Madrid,Granada,22,7,1,2,9,12,11,1,4,5,0,0,0,0,D
Celta,Getafe,9,6,2,3,13,13,2,1,2,5,0,0,0,1,A
Osasuna,Real Madrid,12,23,3,11,13,7,3,4,1,3,0,0,1,2,A
Espanol,Vallecano,6,13,2,2,14,18,3,10,4,4,0,0,0,1,A
Levante,Sevilla,15,13,6,6,9,12,10,4,1,5,0,0,1,2,A
Cadiz,Ath Bilbao,27,9,8,7,9,15,4,1,3,5,0,1,0,3,A
Sociedad,Barcelona,8,11,5,1,12,9,5,3,1,2,0,0,0,1,A
Barcelona,Vallecano,18,3,5,1,10,1,9,1,4,6,0,0,0,1,A
Sevilla,Cadiz,11,10,6,4,15,11,5,6,2,2,0,0,1,0,D
Alaves,Villarreal,11,16,5,6,14,5,5,8,5,2,0,0,2,0,H
Real Madrid,Espanol,11,20,5,6,11,6,6,8,2,0,0,0,2,0,H
Valencia,Levante,6,24,1,6,11,21,1,7,4,3,1,0,1,0,D
Ath Bilbao,Ath Madrid,11,9,4,3,18,15,5,3,3,3,0,0,1,0,H
Elche,Osasuna,11,9,4,3,13,18,7,4,4,2,0,0,0,0,D
Granada,Celta,15,13,6,6,11,13,5,4,1,3,0,0,0,0,D
Vallecano,Sociedad,13,8,7,3,15,7,8,5,2,1,0,0,0,1,D
Barcelona,Mallorca,17,6,5,2,13,12,5,2,2,3,0,0,1,0,H
Getafe,Betis,13,9,2,4,13,13,2,4,1,1,0,0,0,0,D
Levante,Sociedad,16,21,7,6,10,11,7,6,2,3,0,0,0,0,H
Mallorca,Granada,18,14,8,7,11,13,5,5,3,2,0,0,1,1,A
Ath Bilbao,Valencia,10,4,5,1,13,22,4,2,4,4,0,1,0,0,D
Cadiz,Elche,17,4,7,2,18,13,8,1,1,0,0,1,0,0,H
Celta,Alaves,15,3,7,1,7,7,7,1,1,3,0,1,2,0,H
Betis,Barcelona,14,11,5,5,16,18,4,8,1,2,0,0,0,0,A
Getafe,Vallecano,12,12,6,1,20,14,4,5,3,4,0,0,0,0,D
Villarreal,Sevilla,14,7,6,2,14,15,4,2,3,0,0,0,0,0,D
Espanol,Osasuna,12,12,3,5,6,15,6,6,1,3,0,0,0,1,D
Ath Madrid,Real Madrid,16,15,2,6,17,7,4,6,2,4,0,0,1,0,H
Valencia,Betis,19,9,5,5,17,11,7,3,1,3,0,0,0,0,A
Granada,Ath Bilbao,12,8,2,1,20,11,2,7,4,2,0,1,1,0,H
Barcelona,Celta,10,13,4,5,18,6,2,8,3,0,0,1,2,0,H
Alaves,Espanol,27,5,9,3,11,15,12,3,3,3,0,1,1,1,H
Osasuna,Getafe,12,6,1,0,10,17,7,2,2,4,0,1,1,1,D
Sevilla,Mallorca,18,10,4,2,11,18,6,3,4,6,0,0,0,0,D
Elche,Ath Madrid,9,11,0,6,16,7,6,3,2,2,0,0,0,1,A
Sociedad,Cadiz,13,14,7,1,13,11,2,12,4,2,0,0,1,0,H
Vallecano,Villarreal,17,11,3,8,13,10,9,3,5,2,0,0,1,4,A
Real Madrid,Levante,27,16,16,1,8,6,6,6,2,1,0,0,4,0,H
Espanol,Valencia,5,18,3,5,18,15,2,3,4,1,0,0,1,1,D
Ath Bilbao,Osasuna,14,8,8,1,6,14,10,6,0,0,0,0,1,0,H
Ath Madrid,Sevilla,12,8,3,4,14,18,4,5,2,5,0,0,1,0,D
Betis,Granada,11,14,4,4,11,17,4,9,0,1,0,0,1,0,H
Cadiz,Real Madrid,21,16,7,7,13,11,10,2,7,2,0,0,1,1,D
Celta,Elche,14,10,5,1,11,12,7,5,2,2,0,0,1,0,H
Getafe,Barcelona,9,5,3,1,9,8,5,5,1,2,0,0,0,0,D
Levante,Alaves,15,6,5,2,19,10,3,4,8,6,0,0,0,1,H
Mallorca,Vallecano,12,11,5,4,13,8,5,3,1,0,0,0,1,0,H
Villarreal,Sociedad,10,11,4,6,12,16,4,3,4,2,0,0,1,0,A
Real Madrid,Betis,17,11,3,2,7,12,8,5,0,0,0,0,0,0,D
Vallecano,Levante,19,14,8,7,8,12,7,3,0,3,0,0,1,3,A
Valencia,Celta,10,9,3,3,22,19,3,3,3,3,0,0,1,0,H
Elche,Getafe,19,7,9,2,11,9,8,3,2,2,0,0,1,1,H
Alaves,Cadiz,9,13,2,6,11,13,4,4,0,1,0,0,0,0,A
Granada,Espanol,15,10,5,5,9,12,7,3,1,0,0,0,0,0,D
Osasuna,Mallorca,11,14,1,6,8,14,5,7,2,2,0,0,0,0,A
Barcelona,Villarreal,14,4,3,3,12,7,12,1,3,1,0,0,0,1,A
Sevilla,Ath Bilbao,13,9,3,1,13,12,5,0,3,3,0,0,0,0,H
Sociedad,Ath Madrid,12,6,3,5,16,11,3,2,4,2,0,0,0,0,A
